Symbol,Name,Last,Most Recent Earnings,Most Recent Earnings Rank,Earnings Last 12 Months,Earnings Last 12 Months Rank,P/E,P/E Rank,5Y Rev%,5Y Rev% Rank,5Y Earn%,5Y Earn% Rank,5Y Div%,5Y Div% Rank,Div Yield,Div Yield Rank,Price/Book,Price/Book Rank,Price/Sales,Price/Sales Rank,Market Cap,Market Cap Rank,Volume,Volume Rank,Net Income(a),Net Income(a) Rank,ROA%,ROA% Rank,Debt/Equity,Debt/Equity Rank,Profit%,Profit% Rank
A,Agilent Technologies,79.12,0.76,362,3.04,353,25.76,386,-0.2754,471,-0.0313,424,0.3043,265,0.0084,370,5.12,339,4.9819,378,24485108000,237,1869700,226,316000000,422,11.09,122,0.27,69,6.4306,368
AAL,American Airlines Gp,28.68,1.42,207,4.8,232,5.82,18,0.6655,115,-0.6064,480,0,331,0.0143,307,77.290001,486,0.27468,7,12563504000,381,4827400,81,1412000000,201,3.53,370,1.5,373,3.1701,432
AAP,Advance Auto Parts Inc,157.87,2.1,105,7.73,108,20.48,274,0.4753,163,0.2575,369,0,331,0.0015,409,3.34,246,1.14458,102,10933918000,407,971600,354,423850000,391,5.23,312,0.76,230,4.4241,408
AAPL,Apple Inc,261.78,3.03,54,11.85,43,22.11,312,0.4233,185,0.8434,191,0.6575,174,0.0118,330,12.92,440,4.47462,365,1.16316E+12,1,16331200,14,55256000000,1,16.06,48,0.88,266,21.2381,114
ABBV,Abbvie Inc,86.05,2.33,90,8.63,86,10.03,59,0.7431,99,1.5191,88,1.2437,80,0.0495,26,4,275,3.90643,340,1.27253E+11,45,7784700,42,5687000000,49,22.16,13,1.5,373,17.3633,150
ABC,Amerisourcebergen Corp,90.26,1.61,161,7.08,124,12.47,117,0.502,154,0.7859,196,0.7021,160,0.0181,248,6.15,369,0.10335,1,18970486000,294,1202400,314,855370000,277,3.86,355,1.4,359,0.4763,467
ABMD,Abiomed Inc,182,0.28,458,4.07,283,45.86,469,3.1899,11,11.4138,9,0,331,0,414,8.44,412,10.95435,467,8218209000,454,804200,381,259020000,434,17.66,33,0,1,33.6639,35
ABT,Abbott Laboratories,83.74,0.84,340,3.1,348,26.99,398,0.3996,189,0.4328,314,-0.9681,493,0.0153,295,4.63,326,4.83957,371,1.48091E+11,34,3964500,105,2368000000,130,8.17,198,0.6,185,7.7441,338
ACN,Accenture Plc,196.66,1.74,141,7.36,116,26.74,394,0.3558,217,0.6283,250,0.5699,194,0.0163,278,8.49,414,2.89453,271,1.25011E+11,47,1117800,329,4779110000,62,17.07,36,0,1,11.0589,249
ADBE,Adobe Systems Inc,299.3,2.05,111,6.1,146,48.98,474,1.2268,52,5.6071,19,0,331,0,414,14.18,450,16.01801,486,1.44885E+11,37,1508800,262,2590770000,119,15.41,65,0.1,28,28.6907,49
ADI,Analog Devices,110.65,1.26,246,5.5,188,19.78,260,1.3545,35,1.7757,66,0.4318,231,0.0199,226,3.4,251,6.8196,422,40874776000,156,1783500,235,1495430000,196,9.62,160,0.45,133,24.1162,92
ADM,Archer Daniels Midland,42.72,0.77,360,2.71,373,15.8,177,-0.2835,473,0.5021,294,0.7632,148,0.0327,93,1.25,55,0.37048,14,23781626000,243,1859100,228,1810000000,166,3.63,367,0.41,117,2.8131,442
ADP,Automatic Data Procs,169.65,1.34,230,5.59,182,30.39,430,0.1613,313,0.7357,214,0.6277,181,0.0186,240,13.77,449,5.18497,385,73407216000,84,1279000,299,2292800000,134,5.85,287,0.37,101,16.1747,164
ADS,Alliance Data Systems Corp,104.41,5.05,18,19.02,15,5.33,14,0.8039,85,1.2839,109,0,331,0.0249,177,3.11,232,0.59881,31,4808706000,490,920100,365,963100000,262,3.41,375,7.16,487,12.3614,226
ADSK,Autodesk Inc,167.01,0.65,394,0.68,477,242.72,495,0.1301,328,-0.9127,492,0,331,0,414,4,275,14.10343,480,36673392000,171,899400,370,-80800000,477,3.23,385,1.5,373,-3.1442,482
AEE,Ameren Corp,74.95,1.47,190,3.25,340,23.14,328,0.0776,357,0.6048,266,0.1563,308,0.0253,174,2.26,164,2.94054,274,18439946000,298,1614100,251,815000000,289,2.88,397,1.04,305,12.955,215
AEP,American Electric Power Company,91.54,1.46,195,4.37,259,20.84,284,0.0546,369,0.2229,379,0.2974,269,0.0307,112,2.26,164,2.7768,263,45216368000,139,2596500,166,1923800000,157,3.01,392,1.29,339,11.8785,235
AES,The Aes Corp,18.83,0.48,428,1.38,448,13.41,138,-0.3244,476,-0.0388,427,2.25,39,0.0295,124,2.29,170,1.144,101,12501105000,383,6926600,47,1203000000,225,3.78,359,3.41,469,11.2053,245
AFL,Aflac Incorporated,53.99,1.16,264,4.43,255,12.16,107,-0.0911,433,0.3463,346,0.4648,225,0.02,222,1.35,67,1.81733,179,39629632000,164,1856900,230,2920000000,103,2.26,428,0.22,54,13.4204,206
AGN,Allergan Plc,183.79,4.25,25,16.71,22,11.04,85,0.8193,83,0.7568,206,0,331,0.016,283,1.04,33,3.83725,334,60334028000,100,1740900,240,-5096400000,492,5.71,296,0.34,93,-32.2814,492
AIG,American International Group,53.3,0.72,374,2.94,362,17.76,215,-0.31,474,-0.7434,488,5.4,14,0.0245,186,0.69,8,0.95845,80,46368444000,135,4522400,91,-6000000,469,0.51,487,0.55,167,-0.0127,470
AIV,Apartment Investment and Management,53.23,0.64,397,2.32,393,21.4,301,-0.0017,401,13.4667,7,0.5859,190,0.0292,127,4.55,320,8.19134,439,7925148000,458,632900,420,666230000,316,5.51,303,2.17,446,68.5133,2
AIZ,Assurant Inc,131.82,1.69,150,7.01,126,18.87,245,-0.1094,436,-0.0349,425,1.375,71,0.0181,248,1.42,79,0.99552,83,7993038000,457,519500,444,251000000,437,1.05,473,0.35,96,3.1151,434
AJG,Arthur J. Gallagher & Company,91.74,0.8,349,3.61,312,25.51,381,1.1808,55,0.7164,220,0.1714,303,0.0187,238,3.54,260,2.47746,243,17111620000,313,715800,400,633500000,326,3.8,357,0.77,235,9.1361,302
AKAM,Akamai Technologies,87.97,1.1,274,3.4,331,25.76,386,0.7203,101,0.614,258,0,331,0,414,4.09,301,5.21331,388,14216039000,354,1370900,281,298370000,426,10.03,148,0.35,96,10.9918,252
ALB,Albemarle Corp,64.9,1.53,172,5.84,161,11.15,88,0.2899,252,0.3498,342,0.3958,242,0.0226,197,1.72,105,2.04623,206,6881541000,472,1148100,321,693560000,312,7.85,214,0.35,96,20.5502,120
ALGN,Align Technology,274.4,1.28,239,4.63,242,58.78,483,1.9786,18,2.1948,49,0,331,0,414,16.23,459,10.90681,466,21626288000,271,639100,419,400240000,400,16.61,40,0.04,19,20.353,122
ALK,Alaska Air Group,68.76,2.63,77,5.72,170,11.89,99,0.6028,127,0.6519,241,5.4,14,0.0206,217,1.98,134,1.01352,88,8469375000,451,613100,428,437000000,383,5.74,294,0.75,229,5.288,391
ALL,Allstate Corp,110.04,2.84,63,8.56,87,12.87,126,0.1538,318,0.4208,317,0.84,130,0.0181,248,1.55,90,0.89664,75,35648116000,174,1036100,342,2252000000,136,2.56,415,0.29,73,5.6562,382
ALLE,Allegion Plc,119.05,1.47,190,4.83,230,24.54,353,0.3048,243,1.1127,132,0,331,0.0091,359,15.89,458,4.03138,348,11061768000,406,591300,432,434900000,384,16.16,44,2.1,441,15.9205,169
ALXN,Alexion Pharm Inc,111.03,2.79,64,9.15,76,11.97,102,1.663,27,1.5782,81,0,331,0,414,2.32,173,5.86706,405,24569940000,236,1195100,316,77600000,464,14.58,71,0.26,67,1.8784,454
AMAT,Applied Materials,55.94,0.8,349,3.05,351,18.5,234,0.6102,124,1.8411,62,1.05,102,0.0149,299,6.71,386,3.56904,307,51674800000,122,8627700,39,2706000000,111,15.23,68,0.65,200,18.5241,140
AMCR,Amcor Plc,10.06,0.13,472,0.4,485,0,1,1.1776,56,0.3556,339,0.1905,298,0.0485,28,2.89,213,1.69581,174,16298629000,325,5739300,67,430200000,388,6.02,276,0.94,279,4.5484,404
AMD,Adv Micro Devices,39.15,0.18,467,0.26,490,152,494,0.2219,286,4.1818,24,0,331,0,414,20.969999,471,6.797,420,43598540000,147,56931801,1,337000000,417,5.94,281,0.54,161,5.2046,392
AME,Amtek Inc,97.9,1.06,290,3.97,289,24.65,355,0.3483,222,0.5667,279,1.3333,74,0.0057,389,4.63,326,4.61679,367,22379256000,256,583800,436,777930000,298,10.2,143,0.51,151,16.0535,167
AMGN,Amgen Inc,230.74,3.66,34,14.61,29,15.59,175,0.2715,260,0.9022,176,1.8085,43,0.0255,172,12.26,436,5.70038,398,1.37102E+11,39,1975100,216,8394000000,31,14.5,73,2.58,458,35.3476,28
AMT,American Tower Corp,210.11,1.93,124,3.59,315,25.88,388,1.2134,53,1.0072,153,1.8636,41,0.0178,254,16.65,461,12.71292,471,93066128000,68,1779800,236,1236400000,216,4.26,339,4.13,474,16.6181,158
AMZN,Amazon.com Inc,1745.72,4.23,26,22.58,7,76.83,488,2.128,17,33.1356,4,0,331,0,414,15.31,453,3.69305,325,8.65523E+11,5,2479000,175,10073000000,28,6.21,269,0.44,129,4.3253,411
ANET,Arista Networks Inc,194.49,2.69,72,8.68,84,22.12,313,4.9558,4,8.6849,10,0,331,0,414,5.58,350,6.81826,421,14858842000,346,940600,360,328120000,421,20.89,17,0.04,19,15.2517,177
ANSS,Ansys Inc,246.38,1.42,207,5.38,197,45.8,468,0.502,154,0.7195,218,0,331,0,414,7.06,394,16.03444,487,20742734000,281,417500,464,419380000,393,13.43,89,0.03,17,32.4186,38
ANTM,Anthem Inc,291.83,4.87,20,17.98,19,16.34,192,0.2968,246,0.865,181,1,107,0.0109,340,2.37,180,0.80863,61,73997576000,83,1149400,320,3750000000,82,6.28,264,0.57,171,4.0714,416
AON,AON Plc,199.58,1.45,198,8.79,81,22.62,317,-0.0884,432,0.6687,232,1.2941,78,0.0089,363,13.25,446,4.32186,357,46729060000,133,626800,424,1134000000,231,7.53,223,1.72,416,10.5292,268
AOS,Smith [A.O.] Corp,48.2,0.53,419,2.41,388,20.1,264,0.4801,161,1.534,85,2.3043,35,0.0198,228,5.54,348,2.47897,244,7861950000,460,1090700,333,444200000,381,13,96,0.23,59,13.9339,192
APA,Apache Corp,23.41,-0.29,491,0.23,491,100.96,492,-0.5376,488,-0.7765,490,0.2987,268,0.0431,43,1.09,38,1.17612,110,8803003000,440,3442000,122,40000000,467,0.42,488,1,297,0.5388,466
APD,Air Products and Chemicals,237.6,2.27,93,8.22,96,28.91,422,-0.1456,446,0.4204,318,0.5166,209,0.0195,232,4.6,323,5.87125,406,52356348000,119,981400,351,1760000000,169,9.47,166,0.28,71,19.7334,126
APH,Amphenol Corp,101.74,0.95,316,3.81,301,26.71,393,0.7774,93,0.9534,165,1.8387,42,0.0098,354,7.2,396,3.67921,321,30165096000,198,656400,414,1205000000,224,11.29,118,0.85,259,14.6915,185
APTV,Aptiv Plc,91.47,1.27,240,4.99,219,17.83,218,-0.1232,440,0.1955,384,0.2941,273,0.0099,351,6.04,364,1.57381,158,23351194000,246,3128100,134,1067000000,243,10.03,148,1.16,319,7.3918,346
ARE,Alexandria Real Estate Equities,159.67,1.75,137,1.05,466,23.15,329,1.1032,59,1.2138,119,0.4291,232,0.0252,175,2.04,142,13.5858,477,18109450000,304,768500,389,379310000,404,0.86,481,0.76,230,28.5741,50
ARNC,Arconic Inc,30.55,0.58,409,1.92,425,15.94,184,-0.3915,483,0.3737,333,-0.3333,475,0.0026,406,2.92,217,0.94564,79,13226348000,371,2799000,157,642000000,324,4.96,319,1.23,331,4.5811,403
ATO,Atmos Energy Corp,107.32,0.49,424,4.37,259,24.72,358,-0.4127,484,0.5,295,0.4189,237,0.0194,235,2.24,162,4.44334,364,12807998000,375,658800,413,511410000,363,3.97,350,0.63,198,17.6236,146
ATVI,Activision Blizzard,53.04,0.26,459,2.12,412,25.33,374,0.6365,118,1.7471,68,0.7895,138,0.0069,378,3.39,249,5.49971,392,40748512000,158,4583000,90,1813000000,164,9.23,170,0.22,54,24.1733,91
AVB,Avalonbay Communities,211.28,2.34,89,7.23,120,23.07,325,0.5616,135,14.3261,6,0.3738,250,0.0286,136,2.79,208,13.00252,472,29507788000,206,397100,469,974530000,259,5.35,309,0.7,212,42.6576,13
AVGO,Broadcom Ltd,314.92,5.16,15,18.08,18,17.44,210,7.273,2,6.2146,17,7.75,10,0.0336,88,5.75,358,5.9582,409,1.2492E+11,48,1321600,287,12259000000,17,12.13,107,1.58,402,58.8018,5
AVY,Avery Dennison Corp,129.26,1.66,158,6.38,137,20.61,280,0.166,311,1.2612,113,0.7632,148,0.0176,258,10.41,425,1.53405,153,10793596000,410,491300,449,467400000,375,10.29,138,1.41,362,6.5288,365
AWK,American Water Works,119.04,1.33,232,3.57,318,33.43,445,0.1854,302,0.5,295,1.119,96,0.0168,271,3.52,259,6.27145,412,21519576000,273,1118800,328,567000000,345,2.98,393,1.43,366,16.4826,160
AXP,American Express Company,119.06,2.08,107,7.9,104,15.04,161,0.239,276,0.4898,302,0.6744,168,0.0145,303,4.24,309,2.4099,235,97423344000,64,1629600,248,6921000000,36,3.46,374,2.5,455,15.9909,168
AZO,Autozone,1163.87,20.95,3,63.54,3,18.29,226,0.2521,272,1.0092,152,0,331,0,414,4,275,2.33465,231,27731518000,218,125600,494,1617220000,184,16.61,40,1.5,373,13.6316,200
BA,Boeing Company,371.34,1.45,198,13.01,35,28.17,418,0.1674,310,1.2645,112,2.5258,33,0.0224,200,4,275,2.0393,205,2.08987E+11,27,3915700,109,10460000000,26,6.01,277,1.5,373,10.3434,275
BAC,Bank of America Corp,33.18,0.75,365,2.89,364,11.36,90,0.0874,348,1.6633,76,12.5,8,0.0219,203,1.2,47,2.67126,255,2.98458E+11,13,38783801,2,28147000000,6,1.23,463,0.96,289,25.453,78
BAX,Baxter International Inc,82.02,0.89,335,2.43,387,25.46,380,-0.2708,467,-0.3469,468,-0.6198,484,0.0107,342,5.34,344,3.77399,328,41875800000,152,3077600,138,1624000000,182,10.82,130,0.72,221,14.5951,186
BBT,BB&T Corp,54.67,1.07,284,4.29,268,12.63,123,0.2444,274,0.4014,326,0.3929,243,0.0332,91,1.43,81,3.19469,289,41893784000,151,2208700,199,3237000000,93,1.5,450,0.79,238,24.9077,84
BBY,Best Buy Company,72.64,1.08,278,5.75,168,12.56,121,0.0111,391,1.57,82,1.6471,53,0.0277,148,6.03,363,0.44386,20,19145942000,291,2405100,181,1464000000,197,10.96,124,1.06,308,3.4143,430
BDX,Becton Dickinson and Company,249.89,3.31,43,11.68,48,21.32,299,1.0471,62,0.7969,195,0.4128,239,0.0124,324,3.15,235,3.88708,338,67458808000,91,974700,352,1220000000,220,6.32,262,0.84,256,7.0561,353
BF.B,Brown Forman Inc Cl B,67.04,0.39,439,1.71,437,39.32,459,0.1113,335,0.418,319,0.4773,220,0.0099,351,19.23,468,9.65458,450,31996384000,185,566100,438,835000000,285,15.81,54,1.36,352,25.1203,81
BIIB,Biogen Inc,299.08,9.17,5,32.29,6,8.93,38,0.9406,69,1.9339,56,0,331,0,414,3.68,264,3.86907,337,53966592000,114,3288300,125,4430700000,66,23.53,8,0.49,146,32.9349,37
BK,Bank of New York Mellon Corp,48.8,1.07,284,4.01,287,12.11,105,0.2536,270,0.8795,179,0.7931,137,0.0255,172,1.19,45,2.32972,230,45003308000,142,3133600,133,4266000000,69,1.09,470,0.79,238,22.2037,108
BKNG,Booking Holdings Inc,1877.53,45.54,2,102.61,2,18.26,225,1.1384,58,1.3656,105,0,331,0,414,13.23,445,5.39748,391,78585880000,76,239800,488,3998000000,75,20.58,19,1.74,418,27.5212,58
BKR,Baker Hughes A Ge Co. Cl A,22.42,0.21,466,0.82,472,27.55,403,0.0229,384,-0.7481,489,0.2,295,0.0319,103,0.67,4,1.0144,89,23031954000,250,3481000,121,195000000,447,0.78,483,0.18,46,0.8524,464
BLL,Ball Corp,65.73,0.7,378,2.38,391,27.8,407,0.374,203,0.3415,348,0.5385,199,0.0091,359,6.46,377,1.86015,183,21502256000,274,1146800,322,454000000,377,4.87,322,1.94,432,3.902,422
BMY,Bristol-Myers Squibb Company,56.45,1.17,261,4.39,256,12.95,129,0.3769,200,1.1868,124,-0.0909,465,0.0288,133,5.18,340,4.10552,354,91973144000,69,21515600,8,4920000000,60,15.8,55,1.51,396,21.8075,111
BR,Broadridge Financial Solutions Llc,121.2,0.68,384,4.55,248,26.67,392,0.7053,106,1.0711,141,1.3095,77,0.0178,254,12.26,436,3.18928,288,13895095000,363,415500,465,482100000,369,14.32,77,1.3,342,11.0518,250
BRK.B,Berkshire Hathaway Cl B,217.96,0,482,10.29,62,21.05,290,0.3606,213,0.6368,246,0,331,0,414,1.33,66,2.13717,214,5.32922E+11,7,2393300,182,4021000000,74,3.38,377,0,1,1.6224,455
BSX,Boston Scientific Corp,41.85,0.39,439,1.52,442,27.87,408,0.3752,201,1.0137,151,0,331,0,414,6.12,367,6.01062,410,58331532000,103,5655400,68,1671000000,177,8.94,178,0.81,244,17.0111,155
BWA,Borgwarner Inc,42.79,0.96,312,4.17,277,10.17,65,0.4159,187,0.5502,286,1.72,48,0.016,283,1.9,121,0.83169,65,8835835000,439,1375400,280,930700000,268,8.52,186,0.43,123,8.8389,309
BXP,Boston Properties,137.59,1.64,159,3.35,334,20.32,268,0.2723,258,-0.0864,440,-0.2784,473,0.0278,147,2.74,202,7.7821,435,21274440000,279,448800,458,582850000,338,2.54,417,1.51,396,21.4513,112
C,Citigroup Inc,74.87,1.97,120,7.29,119,10.14,64,0.0495,371,0.5537,285,37.5,1,0.0276,151,0.91,23,1.66122,172,1.63456E+11,32,7910600,41,18045000000,12,0.92,476,1.4,359,18.5801,137
CAG,Conagra Brands Inc,28.73,0.43,435,1.97,423,14.32,148,-0.4612,485,-0.0737,438,-0.15,467,0.0301,119,1.91,124,1.43979,136,13981569000,360,4859700,80,678300000,314,4.06,347,1.43,366,7.1113,351
CAH,Cardinal Health,55.69,1.27,240,5.26,207,10.49,72,0.5978,129,0.375,332,0.528,205,0.0349,78,17.940001,464,0.11087,2,16288657000,326,2061800,208,1363000000,205,3.9,353,1.2,326,0.9366,463
CAT,Caterpillar Inc,143.88,2.66,76,10.98,55,13.06,130,-0.0168,408,0.9513,166,0.907,124,0.0287,134,5.22,341,1.44784,138,79516440000,75,2258300,196,6147000000,44,8.04,204,1.66,410,11.2331,243
CB,Chubb Ltd,151.13,2.7,71,9.86,68,15.21,167,0.6986,110,0.0096,405,0.9205,121,0.02,222,1.27,56,2.01067,200,68492416000,88,1183900,317,3962000000,77,2.63,411,0.25,65,12.1099,229
CBOE,CBOE Global Markets Inc,123.77,1.29,238,5.07,215,24.29,347,3.8401,8,1.4729,93,0,331,0.0117,331,4.11,305,4.93084,376,13721266000,365,766300,390,425200000,390,10.89,126,0.29,73,15.3568,175
CBRE,CBRE Group Inc,54.91,0.79,353,3.6,313,15.22,168,1.9702,20,1.2937,108,0,331,0,414,3.34,246,0.8593,70,18381234000,300,1027400,344,1063220000,245,8.49,187,0.51,151,4.9823,395
CBS,CBS Corp,39.52,0.95,316,4.98,222,7.83,27,-0.0504,421,0.7185,219,0.5,212,0.0185,241,2.89,213,1.00623,86,14806800000,349,4415400,95,1960000000,154,7.94,209,2.15,443,13.5042,204
CCI,Crown Castle International Corp,132.32,1.49,185,1.98,422,22.95,322,0.7943,88,1.127,131,0,331,0.0332,91,5.03,338,10.38461,461,55014424000,111,1996400,215,671000000,315,2.56,415,1.99,436,12.3732,225
CCL,Carnival Corp,43.68,0.66,390,4.48,252,9.6,52,0.2216,287,1.6962,74,0,331,0.0465,35,0.91,23,1.20088,113,23021762000,251,3971000,104,3153000000,96,7.11,240,0.38,105,16.6993,157
CDNS,Cadence Design Sys,67.19,0.54,417,1.52,442,44.2,466,0.4643,169,0.6184,257,0,331,0,414,12.83,439,8.81732,445,18854446000,296,1444600,271,345780000,414,16.63,39,0.24,62,16.1729,165
CDW,CDW Corp,136.44,1.7,148,5.75,168,23.93,336,0.5081,149,1.8022,64,22.25,5,0.0086,368,21.16,472,1.21726,115,19603834000,288,629700,423,643000000,323,11.28,119,3.57,472,3.9592,421
CE,Celanese Corp,124.79,2.53,82,9.91,66,12.5,118,0.0991,342,1.4444,96,2.9245,31,0.02,222,4.8,334,2.09261,209,15083867000,340,502200,446,1207000000,222,13.35,90,1.12,313,16.8693,156
CERN,Cerner Corp,69.44,0.66,390,2.31,394,29.64,427,0.8436,78,0.6742,230,0,331,0.0105,346,4.82,335,4.00762,345,21810896000,267,1961900,218,630060000,327,10.73,131,0.22,54,11.741,238
CF,Cf Industries Holdings,44.95,0.29,456,2.05,418,22.15,314,-0.191,455,-0.7175,486,1.7273,47,0.0264,161,1.73,108,2.22881,220,9773569000,430,1580900,253,290000000,429,3.56,369,0.72,221,6.5478,364
CFG,Citizens Financial Group Inc/Ri,38.59,0.98,307,3.85,300,9.9,57,0.4327,181,1.5817,80,0,331,0.0378,67,0.8,19,2.2528,223,16775806000,317,2435900,176,1721000000,172,1.12,469,0.55,167,23.4022,97
CHD,Church & Dwight Company,68.84,0.62,401,2.5,382,27.58,404,0.2979,245,0.6214,254,0.5536,195,0.0132,318,6.68,384,4.08184,352,16893472000,316,1959600,219,568600000,344,9.96,150,0.69,209,13.7148,197
CHRW,C.H. Robinson Ww,75.59,1.07,284,4.79,234,15.57,174,0.3042,244,0.7849,198,0.3429,256,0.0268,155,6.11,365,0.60667,32,10223547000,418,792100,384,664510000,317,14.42,76,0.76,230,3.9956,419
CHTR,Charter Communicatio,468.5,1.74,141,5.53,187,85.83,489,4.3506,6,3.7766,27,0,331,0,414,2.54,195,2.33637,232,1.00624E+11,61,987700,350,1230000000,218,0.86,481,1.67,411,2.8189,441
CI,Cigna Corp,201.85,4.54,22,15.2,26,13.24,135,0.5025,153,1.0943,136,0,331,0.0002,411,1.67,100,1.54443,155,75375840000,80,1492300,266,2637000000,115,3.57,368,0.84,256,5.4203,388
CINF,Cincinnati Financial,105.75,1.08,278,3.96,290,26.79,396,0.1933,296,0.1964,383,0.2771,277,0.0211,210,1.88,120,3.20553,290,17276800000,310,518900,445,287000000,430,2.76,407,0.1,28,5.3079,389
CL,Colgate-Palmolive Company,66.71,0.71,375,2.84,366,23.5,334,-0.1077,435,0.0458,401,0.2481,286,0.0258,168,331.049988,492,3.68037,322,57173404000,105,2616300,163,2400000000,128,18.42,28,1.5,373,15.44,174
CLX,Clorox Company,146.26,1.59,166,6.31,140,22.98,323,0.1114,334,0.4076,323,0.3521,255,0.0292,127,33.400002,479,2.92894,273,18356066000,301,791800,385,820000000,288,15.67,56,4.09,473,13.196,210
CMA,Comerica Inc,69.91,1.96,121,7.9,104,8.74,37,0.3774,199,1.5404,84,1.7059,49,0.0388,60,1.39,71,2.7692,262,10077807000,423,1018000,346,1235000000,217,1.73,443,0.9,271,34.3533,33
CMCSA,Comcast Corp A,44.8,0.79,353,2.97,357,14.94,157,0.4617,171,1.0565,145,1.359,72,0.0189,236,2540.98999,495,2.13534,213,2.03806E+11,28,14107500,19,11731000000,20,7.17,236,1.3,342,12.4128,224
CME,CME Group Inc,206.9,1.9,129,7.05,125,29.15,424,0.4676,167,1.2361,116,0.0341,328,0.0146,302,2.75,205,17.08823,488,74145304000,82,851200,372,1962200000,153,3.37,379,0.15,40,45.533,9
CMG,Chipotle Mexican Grill,772.61,3.82,32,12.93,37,59.82,484,0.5134,148,-0.1263,443,0,331,0,414,13.29,447,4.41899,361,21474694000,275,220600,490,176550000,449,8.85,181,1.65,407,3.629,426
CMI,Cummins Inc,180.15,3.83,31,15.78,25,11.46,93,0.374,203,0.7593,205,0.9733,113,0.029,132,3.16,237,1.16538,107,27599698000,219,1051900,340,2141000000,142,12.53,102,0.18,46,9.0068,305
CMS,Cms Energy Corp,61.76,0.73,372,2.21,403,28.03,415,0.0468,373,0.4036,325,0.402,240,0.0247,182,3.51,256,2.55841,248,17530082000,308,1777100,237,657000000,320,2.49,419,2.32,451,9.5591,290
CNC,Centene Corp,59.45,0.96,312,4.38,257,13.63,143,4.5338,5,3.7838,26,0,331,0,414,1.98,134,0.41086,16,24600172000,235,3429400,123,900000000,269,5.52,302,0.58,174,1.4971,458
CNP,Centerpoint Energy Inc,24.75,0.48,428,1.7,438,14.44,151,0.3063,242,0.2698,367,0.3373,260,0.0469,33,1.86,119,1.16389,106,12429920000,384,6194900,55,368000000,406,2.9,395,2.17,446,3.4753,429
COF,Capital One Financial Corp,98.1,3.32,42,11.46,51,8.44,32,0.3392,226,0.4803,306,0.6842,164,0.0165,274,0.77,13,1.39197,127,45687232000,137,2515200,170,6015000000,45,1.52,447,0.88,266,18.578,138
COG,Cabot Oil & Gas Corp,16.39,0.29,456,1.86,427,8.63,35,0.253,271,0.7656,202,4,22,0.0249,177,3.02,221,2.99211,276,6685891000,476,11786400,23,557040000,348,17.71,31,0.52,156,25.4571,77
COO,Cooper Companies,307.81,3.23,45,11.92,42,25.71,384,0.5952,131,0.9328,168,0,331,0.0002,411,4.17,306,5.8893,408,15259373000,338,151300,493,139900000,456,9.61,161,0.39,109,5.5235,386
COP,Conocophillips,59.9,0.82,344,3.96,290,15.2,165,-0.3351,478,-0.2053,455,-0.5704,481,0.0279,145,1.85,116,1.70595,175,65726416000,95,6579100,51,6257000000,42,6.38,260,0.45,133,16.1567,166
COST,Costco Wholesale,299.31,2.69,72,8.2,97,36.62,454,0.3557,218,0.7613,204,0.8346,132,0.0087,367,8.48,413,0.86452,71,1.31594E+11,41,1277500,300,3659000000,84,8.26,196,0.32,85,2.3962,451
COTY,Coty Inc,11.53,0.07,477,0.6,479,19.75,259,0.9001,74,-0.1447,446,1.5,61,0.0422,48,2.03,140,1.03844,92,8738483000,443,3646800,113,-3784200000,490,2.38,423,1.63,406,-43.7556,494
CPB,Campbell Soup Company,46.83,0.49,424,2.54,379,18.44,232,-0.0195,409,-0.1016,441,0.12,318,0.0299,121,13.07,442,1.74017,177,14104588000,355,1924700,222,211000000,444,5.68,298,6.39,485,2.6027,447
CPRI,Capri Holdings Ltd,35.88,1.16,264,4.5,250,7.68,25,0.5821,133,0.5435,288,0,331,0,414,2.22,161,1.00018,85,5440664000,486,2023200,211,543000000,351,9.28,167,1.58,402,10.3666,274
CPRT,Copart Inc,89.26,0.65,394,2.25,401,36.15,453,0.755,98,1.8846,58,0,331,0,414,10.94,429,9.99643,456,20739918000,282,2603900,164,591690000,336,22.9,10,0.22,54,28.9766,48
CRM,Salesforce.com Inc,162.81,0.66,390,1.46,445,111.56,493,2.2626,14,8.6316,11,0,331,0,414,8.39,410,10.75483,465,1.42784E+11,38,3761800,112,1110000000,235,3.75,362,0.31,84,8.3572,324
CSCO,Cisco Systems Inc,44.85,0.84,340,2.91,363,15.41,171,0.101,341,0.5241,290,0.8889,125,0.0312,106,5.56,349,3.6649,316,1.90266E+11,29,18725600,11,11621000000,21,13.07,95,0.43,123,22.3894,106
CSX,CSX Corp,70.51,1.08,278,4.19,274,16.56,196,0.0186,389,1.0984,134,0.4915,216,0.0138,310,4.58,322,4.43217,362,55162580000,110,2526000,169,3309000000,92,8.98,177,1.26,334,27.0122,65
CTAS,Cintas Corp,254.09,2.32,91,7.99,101,31.74,436,0.5142,147,1.724,69,1.6623,52,0.0101,349,8.92,420,3.80869,331,26298314000,223,494500,448,884980000,271,11.72,110,0.85,259,12.8401,218
CTL,Centurylink,14.97,0.31,454,1.36,451,10.92,82,0.2956,248,-0.5688,478,0,331,0.0673,9,1.19,45,0.6906,39,16320728000,324,5648500,69,-1733000000,488,2.2,430,2.53,457,-7.3924,487
CTSH,Cognizant Tech Sol,63.19,1.08,278,3.91,297,16.21,187,0.8234,81,0.961,163,0,331,0.0126,323,3.26,241,2.1529,215,34600632000,179,3049400,141,2101000000,145,13.99,81,0.13,38,13.0295,214
CTVA,Corteva Inc,25.54,-0.39,493,1.03,467,0,1,0,396,0,406,0,331,0.0207,215,0.74,11,1.3974,128,19114162000,292,11218400,25,-4991000000,491,0,490,0,1,0,469
CTXS,Citrix Systems Inc,113.75,1.52,175,4.18,275,27.09,399,0.019,386,0.9657,161,0,331,0.0124,324,20.629999,470,4.9585,377,14812525000,348,1800100,234,575670000,341,12.43,104,1.86,425,19.3574,131
CVS,CVS Corp,75.31,1.84,130,7.49,112,10.01,58,0.535,142,0.77,201,1.2222,83,0.0267,156,1.55,90,0.50105,23,97975592000,63,5402100,74,-594000000,483,4.39,336,1.39,357,-0.3053,471
CVX,Chevron Corp,118.63,1.36,224,7.31,118,16.25,190,-0.2731,469,-0.2561,460,0.1487,312,0.0401,58,1.41,76,1.35012,125,2.24314E+11,24,4786800,83,14824000000,15,5.44,305,0.16,43,8.9119,307
CXO,Concho Resources Inc,73.35,0.61,403,2.96,359,24.58,354,0.7893,92,0.35,341,0,331,0.0069,378,0.78,15,3.52369,303,14745477000,350,1343900,283,2286000000,135,2.28,427,0.24,62,55.0711,6
D,Dominion Resources,83.24,1.18,259,3.94,292,21.07,293,0.0188,388,0.2462,373,0.4844,218,0.0442,38,2.41,187,5.11246,382,68514264000,87,2383900,183,2447000000,124,3.2,388,1.38,355,18.3076,142
DAL,Delta Air Lines Inc,56.11,2.32,91,6.93,129,7.98,29,0.1764,306,0.7656,202,9.9167,9,0.0291,130,2.39,183,0.80497,59,36288748000,173,9648199,32,3935000000,78,7.37,230,0.95,283,8.855,308
DD,Du Pont De.Nemours Inc,65.83,0.96,312,7.09,122,9.26,44,0.5063,151,0.6573,240,0.1875,299,0.0183,244,1.15,42,0.566,29,48767328000,128,3559700,117,3844000000,80,4.12,343,0.37,101,4.471,407
DE,Deere & Company,175.38,3.52,36,10.07,64,17.48,212,-0.0116,407,0.033,404,0.2965,271,0.0173,262,4.42,316,1.4703,142,55222424000,109,1295300,296,2368400000,129,4.54,332,2.38,452,6.3398,370
DFS,Discover Financial Services,83.87,2.36,88,8.86,80,9.36,46,0.3712,208,0.5706,277,1.5,61,0.0212,209,2.33,176,2.02309,202,26290560000,224,954900,357,2742000000,110,2.63,411,2.3,449,21.3418,113
DG,Dollar General Corp,159.79,1.74,141,6.32,139,25.44,378,0.4639,170,0.8656,180,0,331,0.008,372,6.13,368,1.61292,166,41076892000,155,1300900,294,1589470000,188,9.51,165,1.49,372,6.2028,373
DGX,Quest Diagnostics Inc,105.91,1.76,136,6.25,143,16.78,198,0.0539,370,0.5775,274,0.625,182,0.0202,221,2.5,192,1.87531,184,14265760000,353,990700,348,736000000,304,7.14,238,0.58,174,9.7729,287
DHI,D.R. Horton,54.11,1.35,229,4.3,267,12.54,120,1.1923,54,1.86,60,3.2857,27,0.0111,338,1.96,131,1.13324,99,20010960000,286,3934400,108,1618500000,183,10.72,132,0.35,96,9.1997,299
DHR,Danaher Corp,143.32,1.16,264,4.7,237,30.46,431,0.0405,375,0.3216,355,5.4,14,0.0047,396,3.25,239,5.16983,384,1.02944E+11,58,4440800,94,2650900000,114,6.41,258,0.33,90,13.3258,207
DIS,Walt Disney Company,148.29,1.07,284,5.87,158,25.03,365,0.4252,184,0.3356,350,1.0465,104,0.012,329,2.82,210,3.80583,330,2.67278E+11,17,9639399,33,11054000000,25,5.53,301,0.38,105,15.889,171
DISCA,Discovery Comm A,32.53,0.87,337,3.46,327,9.29,45,0.9066,72,-0.3508,469,0,331,0,414,1.52,88,1.59988,163,17091124000,314,4801100,82,594000000,333,7.56,220,1.32,345,5.6287,383
DISCK,Discovery Comm Inc,30.31,0,482,3.46,327,8.64,36,0.9066,72,0.2945,361,0,331,0,414,1.4,72,1.48788,145,15922297000,332,2811500,155,594000000,333,7.56,220,1.32,345,5.6287,383
DISH,Dish Network Corp,36.3,0.66,390,2.55,378,14.08,147,-0.0204,411,0.6129,260,0,331,0,414,1.72,105,1.29985,122,17898006000,305,3549500,118,1575090000,190,4.27,338,1.42,365,11.5634,240
DLR,Digital Realty Trust,119.6,1.67,155,0.81,473,17.83,218,1.0553,61,-0.4292,472,0.2949,272,0.036,72,2.77,206,8.21046,440,24962912000,233,1885300,224,331250000,420,1.08,471,1.16,319,10.8732,256
DLTR,Dollar Tree Inc,109.04,0.76,362,5.17,213,20.89,285,1.911,22,1.0037,154,0,331,0,414,4.33,313,1.11965,98,25801590000,226,2030700,210,-1590800000,487,7.22,234,1.41,362,-6.9701,486
DOV,Dover Corp,109.48,1.6,163,5.83,162,18.71,241,-0.1991,457,-0.0587,436,12.7793,7,0.018,251,5.23,342,2.26662,225,15903723000,333,577300,437,570270000,343,9.95,151,1,297,8.1559,330
DOW,Dow Inc,54.2,0.91,329,1.77,432,0,1,0,396,0,406,0,331,0.052,21,2.17,156,0.66279,36,40189084000,162,3119200,136,4499000000,65,0,490,1.02,300,7.4638,345
DRE,Duke Realty Corp,34.63,0.37,443,1.12,465,24.66,356,-0.1238,442,16.6667,5,0.2059,294,0.027,154,2.58,198,13.48333,476,12728985000,378,995900,347,383730000,403,5.06,316,0.6,185,40.4834,15
DRI,Darden Restaurants,114.67,1.38,220,5.86,159,19.37,253,0.354,220,2.4235,41,0.3636,253,0.031,107,5.91,361,1.63495,169,14058770000,357,645600,417,713400000,307,10.91,125,0.39,109,8.3827,323
DTE,Dte Energy Company,123.44,1.91,127,5.86,159,21.05,290,0.4711,165,0.5403,289,0.3861,246,0.0306,113,2.15,153,1.64364,170,23372748000,245,810300,380,1120000000,233,2.9,395,1.29,339,7.8807,334
DUK,Duke Energy Corp,87.14,1.79,133,4.99,219,17.37,209,-0.0031,403,0.0851,396,0.178,302,0.0436,41,1.4,72,2.57648,249,63527936000,98,5763100,66,2666000000,112,2.42,422,1.26,334,10.8723,257
DVA,Davita Healthcare Partners Inc,72.48,1.53,172,4.56,246,15.81,178,-0.0305,415,-0.063,437,0,331,0,414,4.63,326,0.81983,63,9400656000,434,1107500,330,159390000,453,3.72,364,1.9,430,1.3976,460
DVN,Devon Energy Corp,22.77,0.26,459,1.15,463,19.8,261,0.0324,380,-0.6972,484,-0.6512,485,0.0158,288,1.29,61,0.81479,62,8745957000,442,4324300,99,3064000000,99,2.84,398,0.61,191,28.5448,52
DXC,Dxc Technology Company,35.84,1.38,220,7.54,111,4.72,13,0.5966,130,1.133,129,15.5,6,0.0236,192,1.06,35,0.43926,19,9174968000,435,1969600,217,1257000000,215,6.77,249,0.8,242,6.057,376
EA,Electronic Arts Inc,99.19,2.89,61,3.53,321,28.05,416,0.3846,194,2.2213,47,0,331,0,414,4.04,297,5.84016,403,28961398000,207,2690200,161,1019000000,254,11.18,120,0.15,40,20.5859,119
EBAY,Ebay Inc,35.12,0.67,387,2.33,392,15,160,-0.3303,477,-0.0128,420,0,331,0.016,283,8.67,418,2.64512,252,28570998000,210,6165800,58,2530000000,121,9.79,158,1.89,429,23.5436,95
ECL,Ecolab Inc,182.51,1.71,147,5.7,173,32.11,438,0.1067,338,0.4831,304,0.7423,154,0.0101,349,6.23,374,3.59651,310,52607408000,118,1627100,250,1429100000,199,8.06,203,0.72,221,9.7428,288
ED,Consolidated Edison Company of New York,86.19,1.54,171,4.27,273,20.33,269,-0.0014,400,0.1398,392,0.1626,307,0.0341,82,1.6,95,2.33943,233,28652142000,209,1874700,225,1382000000,204,2.53,418,1.03,302,11.2021,246
EFX,Equifax Inc,138.12,1.48,186,5.46,190,25.27,372,0.481,160,0.6083,265,0.7727,146,0.0113,336,6.62,382,4.89676,374,16723983000,319,404000,468,299800000,425,9.06,175,1.09,310,8.7864,310
EIX,Edison International,71.25,1.5,181,4.64,240,15.3,170,0.006,394,0.0696,398,0.7737,145,0.0345,80,1.66,99,2.01187,201,25550322000,229,2051100,209,-302000000,481,2.69,409,1.23,331,-2.386,481
EL,Estee Lauder Companies,193.18,1.67,155,5.6,181,34.42,451,0.355,219,0.6899,225,1.141,93,0.0089,363,15.45,455,4.66596,368,69508480000,86,863900,371,1785000000,168,15.26,66,0.66,201,12.0097,233
EMN,Eastman Chemical Company,77.59,1.94,122,7.09,122,10.94,84,0.0857,349,0.2733,365,0.84,130,0.032,101,1.71,103,1.03909,93,10550610000,414,989800,349,1080000000,242,6.1,272,0.95,283,10.6393,262
EMR,Emerson Electric Company,73.66,1.07,284,3.59,315,20.49,275,-0.2513,464,-0.016,421,0.1395,315,0.0272,153,5.41,346,2.439,238,44870284000,143,2425800,178,2306000000,133,10.72,132,0.49,146,12.5517,220
EOG,Eog Resources,72.99,1.13,271,4.87,229,15.06,162,0.1925,299,0.3479,344,1.0541,101,0.0157,289,1.98,134,2.46911,241,42462952000,149,2903300,152,3419040000,89,7.96,206,0.2,52,19.7914,125
EQIX,Equinix Inc,557.58,5.52,12,5.9,155,24.93,364,1.3559,33,0.3491,343,0,331,0.0176,258,5.25,343,8.93163,446,45088704000,141,318900,484,365360000,407,2.23,429,1.34,350,7.204,348
EQR,Equity Residential,84.79,0.91,329,2.13,410,24.8,359,0.0799,354,4.766,20,0.1676,304,0.0267,156,3.1,230,12.24916,470,31487106000,189,2695100,160,657540000,319,3.84,356,0.88,266,25.5016,76
ES,Eversource Energy,82.23,0.98,307,3.42,330,24.04,341,0.1571,315,0.2964,359,0.3741,249,0.026,167,2.2,159,3.15092,282,26622866000,222,2169500,201,1033000000,252,2.81,400,1.09,310,12.2275,227
ESS,Essex Property Trust,310.76,3.35,41,6.5,135,24.06,342,1.2813,46,0.838,192,0.5372,200,0.0247,182,3.28,243,14.87968,482,20535644000,283,620200,425,390150000,401,3.38,377,0.92,272,27.8669,55
ETFC,E*Trade Finl Corp,42.38,1.08,278,4.35,264,9.56,51,0.5476,138,4.5571,21,0,331,0.0135,316,1.91,124,3.54104,305,10369157000,417,8793800,38,1052000000,247,1.73,443,0.28,71,34.6509,31
ETN,Eaton Corp,90.74,1.52,175,5.77,164,15.63,176,-0.0198,410,0.3051,358,0.5714,193,0.0315,105,2.34,178,1.72484,176,37511916000,168,1652300,245,2145000000,141,7.72,218,0.51,151,9.9264,284
ETR,Entergy Corp,115.72,2.52,84,5.29,203,21.91,308,-0.0335,418,0.3638,337,0.0783,323,0.0321,99,2.32,173,2.09601,211,23040084000,249,1223100,310,862560000,275,2.11,434,1.76,420,7.8347,336
EVRG,Evergy Inc,64.44,1.57,168,2.67,376,24.24,346,0.8037,86,0.1659,385,0.2868,274,0.0294,126,1.78,111,3.45007,299,14686069000,351,1535800,257,535800000,355,-1.948718,495,0.81,244,12.5307,221
EW,Edwards Lifesciences Corp,240.8,1.41,213,5.28,205,45.99,470,0.82,82,1.9936,55,0,331,0,414,13.35,448,13.60568,478,50223660000,127,685200,409,722200000,306,20.09,24,0.18,46,19.3994,129
EXC,Exelon Corp,44.43,0.92,326,2.97,357,14.95,158,0.4459,173,0.248,372,-0.0548,463,0.0327,93,1.28,58,1.19916,112,43190804000,148,5850000,64,2010000000,151,2.38,423,0.95,283,5.5857,385
EXPD,Expeditors Intl,75.51,0.92,326,3.62,309,20.64,281,0.3385,227,1.0714,140,0.5,212,0.0134,317,5.83,360,1.56346,157,12859428000,373,766000,391,618200000,330,17.67,32,0.15,40,7.5961,342
EXPE,Expedia Group Inc,96.63,3.38,40,4.96,225,19.09,249,1.3522,36,0.9317,169,1.2143,84,0.0144,305,2.39,183,1.22254,116,14000237000,359,2782800,159,406000000,397,3.73,363,0.71,216,3.6176,427
EXR,Extra Space Storage Inc,105.6,1.23,252,3.16,344,21.83,305,1.2985,41,0.9349,167,1.3172,76,0.0341,82,4.76,333,11.43364,469,13676362000,366,933700,362,415290000,394,5.4,307,1.78,422,34.7058,30
F,Ford Motor Company,8.89,0.34,449,1.4,447,6.22,19,0.0914,345,-0.1975,454,0.825,134,0.0689,7,1.01,30,0.21538,6,35247928000,176,34966699,4,3677000000,83,2.15,432,2.86,464,2.2933,452
FANG,Diamondback Energy,75.33,1.47,190,5.77,164,13.1,131,9.4628,1,3.696,28,0,331,0.0099,351,0.79,17,5.57141,394,12086323000,393,2115000,205,845670000,282,3.96,351,0.29,73,38.8589,22
FAST,Fastenal Company,35.71,0.37,443,1.37,449,25.65,383,0.4928,159,0.7368,212,0.925,120,0.025,176,7.82,404,4.05907,350,20480648000,284,2568700,168,751900000,300,21.56,14,0.25,65,15.1437,180
FB,Facebook Inc,198.82,2.12,102,6.26,142,31.62,435,6.0932,3,11.6167,8,0,331,0,414,6,362,10.10863,458,5.66984E+11,6,9959801,29,22112000000,8,16.08,47,0.08,27,39.6003,20
FBHS,Fortune Brands Home & Security,62.95,0.95,316,3.47,324,18.03,222,0.3194,237,1.2267,118,1.6667,50,0.0141,309,3.69,265,1.58707,162,8759556000,441,843900,373,389600000,402,7.89,213,0.77,235,7.1029,352
FCX,Freeport-Mcmoran Inc,11.35,0.01,481,0.11,492,100.09,491,-0.1096,437,-0.461,474,-0.9333,491,0.0182,247,0.91,23,0.85755,68,16467863000,323,22244301,7,2602000000,117,0.39,489,0.56,169,13.9682,190
FDX,Fedex Corp,156.55,3.05,52,15.12,28,10.06,61,0.5295,144,1.2993,107,3.3333,26,0.0171,267,2.19,157,0.56934,30,40845460000,157,2226800,198,540000000,353,6.89,248,0.94,279,0.7748,465
FE,Firstenergy Corp,47.34,0.8,349,2.54,379,18.36,228,-0.2451,462,-0.148,449,-0.3455,476,0.0326,95,3.48,254,2.23782,221,25578370000,228,6129700,59,1348000000,206,3.32,383,2.63,459,11.9705,234
FFIV,F5 Networks Inc,142.84,2.59,78,8.25,95,17.28,208,0.2947,249,0.9619,162,0,331,0,414,4.9,337,3.86596,336,8683813000,445,367800,475,427730000,389,15.99,49,0,1,19.0742,134
FIS,Fidelity National Information Services,135.46,1.43,201,6.45,136,21.16,298,0.3875,193,0.8481,189,0.4545,227,0.0103,347,1.71,103,9.95778,455,83253720000,72,2298300,193,846000000,281,5.82,289,1.67,411,10.0439,280
FISV,Fiserv Inc,113.92,1.02,301,3.52,322,32.41,441,0.2096,292,1.0667,142,0,331,0,414,2.33,176,13.32001,473,77453640000,78,2486700,174,1187000000,226,5.69,297,5.4,482,20.3847,121
FITB,Fifth Third Bncp,30.1,0.71,375,2.78,370,10.71,76,0.1074,336,0.2574,370,0.5745,192,0.0322,98,1.11,41,2.65068,253,21360976000,278,4700800,85,2193000000,139,1.26,458,0.82,248,27.5053,59
FLIR,Flir Systems Inc,53.22,0.59,407,2.3,396,23.09,327,0.1867,301,0.6204,256,0.7778,143,0.0128,321,3.82,267,4.0117,346,7139622000,468,388000,472,282430000,431,10.16,145,0.34,93,15.9054,170
FLS,Flowserve Corp,48.72,0.59,407,2.12,412,22.85,319,-0.2264,460,-0.5,475,-0.2245,471,0.0157,289,3.56,261,1.6539,171,6375500000,479,331200,479,119670000,460,5.86,285,0.88,266,3.1224,433
FLT,Fleetcor Technologies,295.18,3.1,50,10.85,57,27.21,400,1.7185,25,1.5927,79,0,331,0,414,6.68,384,10.52965,463,25616012000,227,610300,429,811480000,290,8.41,190,0.7,212,33.3463,36
FMC,FMC Corp,97.23,0.94,320,6.01,151,16.29,191,0.2201,289,0.6211,255,0.6667,171,0.0163,278,4.7,331,2.68425,258,12602467000,380,788100,386,502100000,366,8.11,200,0.77,235,10.6202,263
FOX,Fox Corp Cl B,34.88,0,482,2.21,403,0,1,0,396,0,406,0,331,0.0132,318,2.1,151,1.89545,189,21646356000,270,1140000,323,1595000000,186,7.9,211,0.68,204,14.0047,188
FOXA,Fox Corp Cl A,35.66,0.83,342,2.21,403,0,1,0,396,0,406,0,331,0.0129,320,2.16,155,1.94559,195,22133592000,261,4408100,97,1595000000,186,7.9,211,0.68,204,14.0047,188
FRC,First Republic Bank,108.35,1.31,235,5.1,214,21.14,296,1.2339,48,0.8151,194,0.9722,114,0.007,376,2.15,153,5.07155,381,18221868000,303,688700,407,853830000,278,0.88,479,1.34,350,23.883,93
FRT,Federal Realty Investment Trust,130.34,1.43,201,3.38,332,20.58,278,0.4362,179,0.59,268,0.3377,259,0.0323,97,4.1,302,10.72988,464,9843668000,428,288600,485,241910000,439,4.07,346,1.41,362,26.4255,71
FTI,Technipfmc Plc,19.23,0.12,473,0.48,483,40.94,462,0.7615,96,-0.6256,481,0,331,0,414,0.87,22,0.70138,41,8616251000,446,3584400,115,-1921600000,489,0.87,480,0.43,123,-15.308,489
FTNT,Fortinet Inc,103.81,0.67,387,1.61,440,63.99,485,1.9274,21,3.3462,29,0,331,0,414,14.6,451,9.78232,451,17755038000,306,1500400,264,332200000,419,8.47,188,0,1,18.4433,141
FTV,Fortive Corp,70.7,0.87,337,3.37,333,21.05,290,0.0823,352,0,406,0,331,0.0039,398,3.29,244,3.69125,324,23741340000,244,1326800,285,2913800000,104,7.81,216,0.76,230,45.1563,10
GD,General Dynamics Corp,182.88,3.14,48,11.54,50,15.85,180,0.1594,314,0.6245,253,1.1607,89,0.0223,201,3.95,272,1.46239,141,52908284000,117,560100,439,3345000000,91,7.11,240,0.7,212,9.2421,298
GE,General Electric Company,11.55,0.15,469,0.63,478,18.3,227,-0.1673,452,-0.6037,479,-0.5316,478,0.0035,401,3.41,252,0.828,64,1.00872E+11,60,38481801,3,-22354000000,495,1.87,440,1.65,407,-18.381,490
GILD,Gilead Sciences Inc,65.26,1.75,137,6.38,137,10.3,67,0.9753,66,2.2031,48,0,331,0.0383,62,3.96,273,3.75821,327,82563432000,73,4589200,89,5455000000,53,13.13,94,1.13,314,24.6531,87
GIS,General Mills,52.69,0.79,353,3.3,336,15.86,182,-0.0583,424,0.1418,391,0.2645,281,0.0374,69,4.18,307,1.87569,185,31845518000,186,2097500,207,1752700000,171,6.62,254,1.58,402,10.3924,271
GL,Globe Life Inc,100.94,1.73,144,6.6,134,15.2,165,0.141,324,0.6132,259,0.1455,314,0.0069,378,1.49,83,2.52453,246,10930591000,408,325400,482,701470000,308,3.02,391,0.2,52,16.299,162
GLW,Corning Inc,29.02,0.44,433,1.88,426,15.19,164,0.4439,175,0.4472,311,0.8462,129,0.028,144,2.03,140,1.94491,194,22319572000,258,4670800,86,1066000000,244,6.24,267,0.54,161,9.442,293
GM,General Motors Company,35.33,1.72,145,6.2,144,5.59,15,-0.0539,422,1.0566,144,0,331,0.0438,39,1.03,32,0.33686,9,50478944000,125,13567000,21,8014000000,32,3.92,352,1.56,400,5.4499,387
GOOG,Alphabet Cl C,1295.34,10.12,4,49,4,26.56,391,1.287,44,0.3081,357,0,331,0,414,4.62,325,6.55992,418,8.93378E+11,3,1386500,278,30736000000,4,13.74,84,0.07,23,22.4647,104
GOOGL,Alphabet Cl A,1293.67,0,482,49,4,26.53,390,1.287,44,1.609,78,0,331,0,414,4.61,324,6.55382,417,8.92226E+11,4,1388900,277,30736000000,4,13.74,84,0.07,23,22.4647,104
GPC,Genuine Parts Company,103.71,1.5,181,5.7,173,17.99,220,0.3308,234,0.2909,362,0.3395,258,0.0297,122,4.1,302,0.79536,57,15068335000,341,479100,452,810470000,291,5.97,280,0.98,292,4.326,410
GPN,Global Payments Inc,178.65,1.7,148,5.61,180,31.8,437,0.318,238,1.5194,87,0,331,0.0002,411,1.94,129,15.92659,485,53692900000,115,1226900,308,452050000,378,4.17,341,1.2,326,13.4284,205
GPS,Gap Inc,16.94,0.53,419,2.28,400,7.65,24,0.0268,382,-0.0547,432,0.3857,247,0.0598,11,1.69,101,0.36762,12,6365849000,480,10700100,27,1003000000,256,6.75,250,1.9,430,6.0495,377
GRMN,Garmin Ltd,97.2,1.27,240,4.18,275,23.46,331,0.2719,259,0.4084,320,0.1667,305,0.0232,194,4.38,315,5.80364,402,19253084000,290,750800,395,694080000,311,14.52,72,0.01,14,20.7347,118
GS,Goldman Sachs Group,220.28,4.79,21,22.35,8,9.76,54,0.0705,358,0.6345,248,0.5366,202,0.0229,196,0.95,27,2.11034,212,77998288000,77,1529100,259,10459000000,27,0.95,475,2.78,463,28.564,51
GWW,W.W. Grainger,319,4.26,24,17.37,20,18,221,0.1889,300,0.4497,310,0.493,215,0.0184,242,8.12,409,1.50076,148,17183254000,312,371000,474,782000000,296,16.32,42,0.98,292,6.9691,355
HAL,Halliburton Company,20.99,0.34,449,1.33,453,15.89,183,-0.1839,453,-0.3968,471,0.3585,254,0.0341,82,1.85,116,0.77299,51,18425106000,299,7403900,46,1656000000,178,4.34,337,1.16,319,6.9014,356
HAS,Hasbro Inc,96.12,1.84,130,4.16,278,22.94,321,0.1219,331,0.3604,338,1.05,102,0.0285,139,6.51,379,2.63056,251,12135438000,390,1266700,305,220430000,443,10.19,144,0.99,295,4.8132,398
HBAN,Huntington Bcshs,14.86,0.34,449,1.28,456,11.48,94,0.8435,79,0.6901,224,1.6316,58,0.0408,56,1.41,76,2.87877,267,15346739000,335,5532900,72,1393000000,203,1.32,455,0.86,263,26.4326,70
HBI,Hanesbrands Inc,15.03,0.54,417,1.74,435,8.49,33,0.4702,166,0.7449,211,3,28,0.0406,57,4.43,317,0.78517,53,5436306000,487,4591100,88,553080000,349,8.24,197,3.56,471,8.1288,331
HCA,Hca Holdings Inc,139.2,2.23,94,10.4,59,13.39,137,0.3655,210,1.8651,59,0,331,0.0115,335,4,275,1.01214,87,47213576000,130,1219300,312,3787000000,81,8.47,188,1.5,373,8.1132,332
HD,Home Depot,218.03,2.53,82,10.2,63,21.38,300,0.3729,205,1.6303,77,1.641,57,0.0249,177,4,275,2.2119,218,2.38776E+11,21,5786400,65,11121000000,23,22.6,11,1.5,373,10.2779,278
HES,Hess Corp,64.37,-0.32,492,-0.63,494,0,1,-0.7163,495,-1.1333,495,0.4286,233,0.0149,299,2.01,138,3.15308,283,19613926000,287,2501000,172,-282000000,480,-0.79,493,0.68,204,-4.4599,483
HFC,Hollyfrontier Corp,52.97,1.68,152,6.65,133,8.02,30,-0.1213,439,0.7358,213,-0.5875,482,0.0247,182,1.29,61,0.48595,22,8548828000,448,1257900,306,1097960000,238,9.6,163,0.43,123,6.198,374
HIG,Hartford Financial Services Group,61.59,1.5,181,5,217,12.33,111,-0.2775,472,0.2197,380,1.2,87,0.0195,232,1.42,79,1.17186,108,22198328000,259,1307300,291,1807000000,167,2.75,408,0.27,69,9.5331,292
HII,Huntington Ingalls Industries,249.81,3.74,33,14.6,30,17.17,207,0.1988,294,2.5616,38,5.04,17,0.0137,312,6.2,372,1.25426,119,10217229000,419,327800,481,836000000,284,8.81,183,1.15,317,10.225,279
HLT,Hilton Inc,101.22,1.05,293,3.7,307,26.78,395,-0.0852,431,0.7547,207,0,331,0.0061,387,4,275,3.13908,281,28560538000,211,2161600,202,764000000,299,7.32,231,1.5,373,8.5785,318
HOG,Harley-Davidson Inc,36.47,0.7,378,3.31,335,10.81,78,-0.031,416,0.1524,387,0.7619,150,0.0419,50,3.03,222,0.96539,81,5627030000,485,1324300,286,531450000,357,4.96,319,2.45,453,9.2962,297
HOLX,Hologic Inc,50.02,0.65,394,2.44,386,20.29,267,0.3306,235,0.6093,263,0,331,0,414,5.77,359,3.92945,341,13370646000,370,3950100,107,-40200000,472,9.92,154,1.27,338,-1.1938,477
HON,Honeywell International Inc,176.79,2.08,107,8.01,100,22.04,311,0.0703,359,0.6117,261,4.6845,18,0.0204,218,6.92,390,3.01747,278,1.26322E+11,46,1852100,232,6765000000,37,10.07,147,0.48,144,16.1834,163
HP,Helmerich & Payne,39,0.38,442,1.77,432,21.97,309,-0.2477,463,-0.7191,487,0.1639,306,0.073,4,1.05,34,1.50706,150,4229433000,493,2138700,203,-33660000,471,3.27,384,0.12,35,-1.2028,478
HPE,Hewlett Packard Enterprise Comp,17.12,0.45,432,1.74,435,9.82,55,-0.4622,486,0,406,0,331,0.0263,163,1.27,56,0.8051,60,22351890000,257,6690100,49,1908000000,159,4.66,328,0.59,183,6.1844,375
HPQ,Hewlett-Packard Company,19.94,0.58,409,2.17,409,9.06,42,-0.4793,487,-0.4326,473,0,331,0.0326,95,4,275,0.5274,24,29549364000,204,10331300,28,5327000000,55,10.27,140,1.5,373,9.1103,303
HRB,H&R Block,24.51,-0.72,495,2.19,408,11.11,86,0.0233,383,0.2874,363,0.25,284,0.0427,46,17.030001,462,1.57858,161,4919648000,489,2670500,162,422510000,392,15.99,49,6.14,484,13.6519,199
HRL,Hormel Foods Corp,42.31,0.37,443,1.78,431,24,339,0.0907,346,0.9286,170,1.2059,86,0.0197,229,3.9,271,2.4249,237,22592270000,254,2174500,200,1012140000,255,12.02,109,0.04,19,10.6031,264
HSIC,Henry Schein Inc,69.3,0.9,333,3.66,308,18.7,240,0.3809,196,0.6653,236,0,331,0,414,2.9,215,0.7607,49,10169083000,420,614200,427,535880000,354,7.4,229,0.33,90,4.0591,417
HST,Host Marriott Financial Trust,16.91,0.35,448,1.56,441,9.36,46,0.0693,360,4.4444,22,0.8478,128,0.0477,32,1.64,98,2.17594,217,12127480000,391,5481700,73,1087000000,241,9.09,174,0.52,156,19.6778,127
HSY,Hershey Foods Corp,146.84,1.61,161,5.77,164,25.4,376,0.0903,347,0.4409,313,0.5249,206,0.0211,210,17.709999,463,3.9354,342,30721716000,194,589000,433,1177560000,227,15.26,66,1.71,415,15.1142,181
HUM,Humana Inc,338.24,5.03,19,18.21,17,18.59,236,0.3776,198,0.6686,233,0.4486,229,0.0065,385,3.86,268,0.78757,56,44791768000,144,774900,388,1683000000,175,8.87,180,0.37,101,2.9572,437
IBM,International Business Machines,134.34,2.68,74,12.97,36,10.32,69,-0.2021,458,-0.1517,450,0.6784,167,0.0484,30,6.52,380,1.48928,146,1.18976E+11,52,3297700,124,8728000000,30,8.34,192,3.51,470,10.9661,253
ICE,Intercontinental Exchange,93.75,1.06,290,3.86,299,24.32,348,1.9743,19,1.2025,121,6.3846,12,0.0117,331,3.06,226,8.33056,443,52204684000,120,1958400,220,1988000000,152,2.36,425,0.4,112,39.9277,16
IDXX,Idexx Laboratories,257.02,1.24,250,4.82,231,54.09,480,0.6072,125,1.4483,94,0,331,0,414,110.230003,487,10.10407,457,22047944000,263,446200,459,377030000,405,25.27,5,4.49,477,17.0352,154
IEX,Idex Corp,160.49,1.52,175,5.77,164,27.89,409,0.227,283,0.7508,209,0.8652,127,0.0124,324,5.7,356,4.92864,375,12206868000,388,332600,478,410570000,395,12.32,105,0.4,112,16.5308,159
IFF,International Flavors & Fragrances,140.02,1.53,172,5.62,179,24.36,349,0.347,223,0.4081,321,0.9452,117,0.0219,203,2.4,186,3.6745,319,14950776000,345,1500900,263,337300000,416,4.85,323,0.71,216,8.4801,322
ILMN,Illumina Inc,315.62,1.93,124,6.2,144,50.46,476,1.3452,38,2.1778,50,0,331,0,414,10.43,426,13.79806,479,46396140000,134,604800,431,826000000,287,12.95,97,0.42,120,24.7825,85
INCY,Incyte Corp,88.73,0.82,344,2,420,44.2,466,4.3018,7,2.8636,34,0,331,0,414,7.9,406,10.1181,459,19112176000,293,1751200,239,109490000,462,15.07,70,0.02,15,5.8181,378
INFO,IHS Markit Ltd,71.85,0.67,387,2.09,417,34.27,449,3.2296,10,0.4453,312,0,331,0,414,3.51,256,7.16321,428,28810988000,208,910400,367,542300000,352,5.3,311,0.58,174,13.5264,203
INTC,Intel Corp,57.61,1.42,207,4.65,239,12.52,119,0.3442,224,1.4233,98,0.3333,261,0.0216,206,3.39,249,3.57465,308,2.50604E+11,19,15690101,17,21053000000,9,16.11,45,0.33,90,29.7157,43
INTU,Intuit Inc,259.81,0.41,437,5.55,185,47.91,473,0.5055,152,0.8538,188,1.4737,65,0.0078,374,18.969999,467,10.3949,462,67569824000,90,4071800,103,1557000000,191,24.24,7,0.1,28,22.9511,102
IP,International Paper Company,45.12,1.09,275,5,217,8.94,39,-0.1986,456,0.6835,227,0.544,198,0.0459,36,2.38,182,0.75189,46,17692274000,307,2132800,204,2012000000,149,5.91,283,1.38,355,8.633,315
IPG,Interpublic Group of Companies,22.09,0.49,424,1.95,424,11.41,91,0.3639,211,1.3846,101,1.8,44,0.0422,48,3.43,253,0.88806,73,8565000000,447,3074300,139,618900000,329,4.74,327,2.04,439,6.371,369
IPGP,Ipg Photonics Corp,139.42,1.07,284,4.92,226,28.16,417,1.2528,47,1.4848,91,0,331,0,414,3.06,226,5.0359,380,7399018000,465,244700,487,404030000,399,9.94,152,0.02,15,27.6758,56
IQV,Iqvia Holdings Inc,143.74,1.6,163,5.68,175,25.26,370,1.0417,63,1.4381,97,0,331,0,414,4.32,312,2.67389,256,27891022000,215,1122300,327,259000000,435,4.99,317,1.72,416,2.4875,450
IR,Ingersoll-Rand Plc [Ireland],130.1,1.99,116,6.29,141,20.58,278,0.2686,263,1.1011,133,-0.8715,489,0.0164,275,4.27,310,1.97984,197,31171572000,192,955600,356,1337600000,208,7.85,214,0.69,209,8.537,320
IRM,Iron Mountain Inc,33.79,0.62,401,1.27,457,15.25,169,0.3965,191,0.2718,366,1.1944,88,0.0728,5,6.47,378,2.27974,227,9702562000,432,1734000,241,363350000,409,2.78,404,6.06,483,8.5985,317
ISRG,Intuitive Surg Inc,569.49,3.43,38,11.01,54,51.94,478,0.6442,117,0.7007,222,0,331,0,414,8.51,416,17.74542,489,65818232000,94,407700,467,1127900000,232,15.58,58,0,1,30.2857,41
IT,Gartner Inc,157,0.7,378,3.93,295,40.22,461,1.2281,49,0.9239,171,0,331,0,414,15.37,454,3.55692,306,14043965000,358,436400,460,122460000,459,5.45,304,2.93,466,3.0804,436
ITW,Illinois Tool Works Inc,173.56,2.04,112,7.68,110,22.48,315,0.0448,374,1.0937,137,1.225,82,0.0248,180,18.66,466,3.75684,326,55783224000,108,630400,421,2563000000,120,16.68,38,2.52,456,17.3551,151
JBHT,J B Hunt Transport,116.32,1.4,215,5.63,178,20.57,277,0.5426,141,0.9756,158,1.1333,94,0.009,362,5.61,353,1.43273,135,12396621000,385,465100,453,489590000,368,11.57,112,0.64,199,5.6831,381
JCI,Johnson Controls Intl,42.7,0.78,358,2.01,419,21.01,289,1.318,40,-0.0577,435,0.4648,225,0.0246,185,1.62,97,1.40198,130,33976688000,181,3278800,126,5674000000,50,3.76,361,0.32,85,23.6732,94
JEC,Jacobs Engineering Group Inc,93.38,1.4,215,4.68,238,19.93,262,0.2679,264,0.3839,329,0,331,0.0073,375,2.09,150,0.7872,54,12652803000,379,1062900,338,163430000,452,5.19,314,0.17,44,1.0906,462
JKHY,Jack Henry & Assoc,149.45,1.16,264,3.6,313,41.35,463,0.2832,255,0.4915,301,0.8333,133,0.0107,342,7.83,405,7.37612,430,11498233000,402,354600,477,271890000,432,13.25,91,0,1,17.5109,148
JNJ,Johnson & Johnson,138.07,2.12,102,8.77,82,15.56,173,0.144,321,0.4819,305,0.3668,252,0.0279,145,6.15,369,4.40167,360,3.63383E+11,9,9235801,36,15297000000,14,15.42,64,0.46,138,18.7507,136
JNPR,Juniper Networks,25.46,0.48,428,1.3,454,19.48,254,-0.0046,405,0.4945,300,0,331,0.03,120,1.9,121,1.82351,180,8521640000,449,2229400,197,566900000,346,4.99,317,0.32,85,12.198,228
JPM,JP Morgan Chase & Company,130.79,2.68,74,9.9,67,13.12,133,0.2364,278,0.5789,273,0.8235,135,0.0277,148,1.72,105,3.10111,279,4.10221E+11,8,8167900,40,32474000000,3,1.26,458,1.22,329,24.7116,86
JWN,Nordstrom,37.95,0.81,347,3.28,338,10.04,60,0.2648,266,-0.0431,430,0.2333,288,0.0431,43,6.93,391,0.33522,8,5879024000,483,19719900,10,564000000,347,6.1,272,5.39,481,3.5561,428
K,Kellogg Company,64.51,1.03,297,3.94,292,16.43,195,-0.0842,430,0.1485,388,0.2222,290,0.0352,76,6.78,388,1.62955,168,22003974000,264,974200,353,1336000000,209,7.48,225,2.67,461,9.862,285
KEY,Keycorp,19.26,0.48,428,1.8,429,10.61,75,0.6856,112,0.8602,183,1.5909,59,0.0387,61,1.24,53,2.54466,247,18970292000,295,6092600,60,1866000000,161,1.31,456,0.95,283,25.2401,80
KEYS,Keysight Technologies Inc Comm,103.66,1.25,248,4.05,285,26.11,389,0.3428,225,0,406,0,331,0,414,6.86,389,4.6806,370,19444336000,289,1857600,229,165000000,451,12.74,98,0.44,129,4.2548,414
KHC,Kraft Heinz Company,30.54,0.69,383,2.31,394,0,1,0.4419,177,0.3473,345,0.2195,291,0.0529,18,0.73,9,1.40629,132,37294260000,169,4664700,87,-10192000000,494,3.12,390,0.58,174,-38.8001,493
KIM,Kimco Realty Corp,21.3,0.37,443,0.75,475,14.72,153,0.2304,281,1.2667,111,0.3023,267,0.0525,19,1.82,114,7.73587,434,8993563000,437,3092100,137,497800000,367,3.52,371,0.93,276,42.7384,12
KLAC,K L A-Tencor Corp,158.49,2.48,85,8.5,88,19.01,248,0.5597,136,1.3831,102,0.6667,171,0.021,212,10.23,424,5.58075,396,25008772000,231,2274600,194,1175620000,228,16.25,43,1.19,324,25.7309,75
KMB,Kimberly-Clark Corp,133.53,1.84,130,6.77,130,19.7,257,-0.126,443,0.1456,389,0.2346,287,0.0309,110,524.340027,493,2.47303,242,45774884000,136,1136900,325,1410000000,202,15.61,57,134.020004,495,7.6274,341
KMI,Kinder Morgan,19.96,0.22,464,0.94,469,21.45,302,0.0053,395,-0.2261,457,-0.5321,479,0.0496,25,1.32,65,3.22834,292,45208700000,140,9727300,30,1609000000,185,2.79,402,0.96,289,11.3758,241
KMX,Carmax Inc,97.58,1.4,215,5.21,210,18.84,242,0.4453,174,1.1384,128,0,331,0,414,4.57,321,0.88833,74,16045079000,330,743000,397,842410000,283,4.59,331,4.2,475,4.6355,402
KO,Coca-Cola Company,53.03,0.56,414,2.1,415,25.22,369,-0.3201,475,0,406,0.3929,243,0.0302,117,11.02,430,7.12288,427,2.27207E+11,23,9113300,37,6434000000,40,10.34,136,1.44,369,20.1971,123
KR,Kroger Company,27.05,0.44,433,2.12,412,12.59,122,0.2316,280,0.4755,307,0.7097,159,0.024,190,2.45,190,0.17665,4,21683846000,269,5181600,77,3110000000,98,4.19,340,2.15,443,2.5668,448
KSS,Kohl's Corp,47,0.74,369,5.38,197,9.16,43,0.0629,363,0.3827,330,0.7429,153,0.0569,13,1.4,72,0.37042,13,7478968000,462,4406100,98,801000000,293,5.78,291,1.06,308,3.9597,420
KSU,Kansas City Southern,151.93,1.94,122,6.68,132,22.88,320,0.1455,320,0.5,295,0.6744,168,0.0094,357,2.9,215,5.58307,397,15059301000,343,610200,430,627400000,328,6.98,247,0.47,141,23.1172,101
L,Loews Corp,50.65,0.24,462,3.19,343,15.81,178,-0.0656,425,-0.1341,444,0,331,0.005,395,0.67,4,1.06681,95,15065286000,342,741300,398,636000000,325,1.21,466,0.51,151,4.5215,405
LB,L Brands Inc,18.01,0.02,480,2.68,374,6.76,21,0.2287,282,-0.0754,439,1,107,0.0699,6,4,275,0.35851,11,4977820000,488,17932900,12,644000000,321,7.16,237,1.5,373,4.8652,397
LDOS,Leidos Holdings Inc,88.5,1.36,224,4.75,236,18.96,246,0.7661,95,1.8077,63,-0.9489,492,0.0151,297,3.99,274,1.25052,118,12528414000,382,1134500,326,582000000,340,7.57,219,0.96,289,5.7092,380
LEG,Leggett & Platt Inc,52.33,0.76,362,2.51,381,20.73,282,0.1397,325,0.6104,262,0.2712,279,0.0308,111,5.49,347,1.60346,164,6886785000,471,688700,407,305900000,424,7.47,227,2.01,438,7.1648,350
LEN,Lennar Corp,58.78,1.59,166,5.59,182,10.57,73,2.4661,13,2.2234,46,0,331,0.0027,405,1.23,51,0.91248,77,18669586000,297,2326900,191,1695830000,174,6.27,265,0.62,195,8.2435,326
LH,Laboratory Corp of America Holdings,169.76,2.9,60,10.97,56,15.47,172,0.9512,68,0.5856,270,0,331,0,414,2.29,170,1.45392,140,16483694000,322,537900,440,883700000,273,6.35,261,0.95,283,7.7973,337
LHX,L3Harris Technologies Inc,198.64,2.58,79,9.09,78,21.9,307,0.3569,216,0.6416,243,0.5886,189,0.0151,297,1.98,134,6.4704,416,43912352000,146,900500,369,949000000,265,7.96,206,0.82,248,13.9538,191
LIN,Linde Plc,204.91,0,482,5.46,190,0,1,0.2495,273,-1,493,0.0333,329,0,414,2.19,157,7.54316,432,1.11658E+11,54,941200,359,4381000000,68,6.52,257,0.23,59,29.4027,45
LKQ,LKQ Corp,35,0.61,403,2.3,396,15.17,163,1.346,37,1.066,143,0,331,0,414,2.21,160,0.90029,76,10726170000,412,2909300,151,480120000,370,5.86,285,1.03,302,4.0425,418
LLY,Eli Lilly and Company,116.2,1.48,186,5.64,177,20.35,270,0.0624,364,0.3373,349,0.148,313,0.0225,198,31.780001,478,4.48673,366,1.11567E+11,55,3120000,135,3232000000,94,13.49,86,4.98,479,13.1619,211
LMT,Lockheed Martin Corp,390.74,5.66,10,21.04,11,18.55,235,0.1853,303,0.6391,244,0.7155,156,0.0225,198,28.139999,477,2.04756,208,1.10216E+11,56,758600,392,5046000000,59,12.62,100,4.36,476,9.3858,295
LNC,Lincoln National Corp,58.17,2.22,96,8.87,79,6.46,20,0.3722,206,0.6859,226,1.75,46,0.0258,168,0.57,2,0.69157,40,11536914000,400,1159900,318,1641000000,181,0.58,485,0.3,79,9.9915,283
LNT,Alliant Energy Corp,53.39,0.94,320,2.23,402,23.94,337,0.0786,356,0.3313,352,0.4255,235,0.0266,159,2.57,197,3.62993,315,12832393000,374,970500,355,522300000,359,3.39,376,1.16,319,14.7772,183
LOW,Lowe's Companies,118.2,1.41,213,5.21,210,20.97,287,0.3349,229,1.3796,104,1.6429,55,0.0188,237,37,480,1.26654,120,91226640000,71,4473300,93,2314000000,132,11.1,121,7.8,489,3.245,431
LRCX,Lam Research Corp,261.98,3.18,47,14.37,32,18.36,228,1.0953,60,2.2919,43,23.4444,3,0.0174,261,7.99,407,3.96603,343,38007796000,167,1273600,301,2191430000,140,18.75,26,0.81,244,22.7007,103
LUV,Southwest Airlines Company,57.01,1.23,252,4.47,253,12.66,124,0.241,275,2.7857,36,3.6923,24,0.0127,322,3.08,229,1.35588,126,30002994000,200,1530300,258,2465000000,123,9.25,169,0.37,101,11.2224,244
LVS,Las Vegas Sands,61.3,0.75,365,3.15,345,19.16,251,-0.003,402,0.1448,390,1.1429,91,0.051,23,7.15,395,3.37614,296,47080668000,131,2309300,192,2413000000,127,10.83,129,1.81,423,17.5759,147
LW,Lamb Weston Holdings Inc,82.91,0.79,353,3.28,338,25.26,370,0.3344,230,0,406,0,331,0.0097,355,132.119995,489,3.22104,291,12110084000,392,691000,406,467800000,374,15.56,59,1.5,373,12.4531,223
LYB,Lyondellbasell Industries NV,93.34,2.85,62,9.5,72,9.83,56,-0.1148,438,0.6672,235,1,107,0.045,37,3.89,270,0.79788,58,31120582000,193,1270200,303,4690000000,63,11.64,111,0.83,253,12.0244,232
M,Macy's Inc,15.43,0.07,477,3.72,306,4.17,12,-0.0785,428,0.045,402,0.5895,188,0.1029,2,0.73,9,0.18148,5,4766559000,491,28085498,5,1108000000,237,5.23,312,1.19,324,4.3048,413
MA,Mastercard Inc,282.57,2.07,109,7.37,115,38.6,456,0.7913,91,1.4866,90,3.7619,23,0.0046,397,57.939999,484,19.19539,493,2.85074E+11,15,2968500,145,5859000000,48,30.57,2,1.55,399,39.1906,21
MAA,Mid-America Apartment Communities,134.4,1.72,145,2.1,415,21.73,303,1.4756,32,1.7183,70,0.3273,262,0.0284,142,2.51,193,9.8274,452,15330470000,336,395800,470,222900000,442,2.14,433,0.72,221,14.1853,187
MAC,Macerich Company,25.86,0.88,336,0.57,480,7.09,22,-0.0672,426,-0.5484,477,0.2585,282,0.1157,1,1.28,58,3.8157,332,3653113000,495,1521900,261,60020000,465,0.91,477,1.87,426,6.2498,372
MAR,Marriot Int Cl A,136.25,1.47,190,5.88,156,22.62,317,0.6237,121,2.105,52,1.4375,68,0.0144,305,51.779999,482,2.09442,210,44545168000,145,1304500,292,1907000000,160,8.12,199,8.93,490,9.1868,300
MAS,Masco Corp,46.06,0.68,384,2.64,377,17.47,211,0.0228,385,2.2468,45,0.4667,224,0.0117,331,569.159973,494,1.57838,160,13176523000,372,1666500,243,734000000,305,13.88,83,39.029999,493,8.781,311
MCD,McDonald's Corp,193.14,2.11,104,7.85,106,24.5,351,-0.2519,465,0.4234,316,0.3429,256,0.0241,189,4,275,6.8897,425,1.45452E+11,36,2418100,179,5924300000,47,14.12,80,1.5,373,28.1771,53
MCHP,Microchip Technology,91.66,1.43,201,5.38,197,16.91,202,1.77,24,1.7143,71,0.0282,330,0.0161,281,4.05,298,4.06523,351,21904724000,265,1203800,313,355900000,411,7.44,228,1.65,407,6.653,362
MCK,Mckesson Corp,152.61,3.6,35,14,33,10.88,81,0.5574,137,0.6251,252,0.6413,178,0.0108,341,4.06,299,0.12801,3,27498492000,220,1544200,255,34000000,468,4.4,335,1.14,315,0.0159,468
MCO,Moody's Corp,222.95,1.99,116,7.92,103,28.3,419,0.4946,158,1.0247,149,0.9556,116,0.0089,363,60.630001,485,9.5252,448,42092960000,150,619200,426,1309600000,212,15.97,51,10.04,491,29.4776,44
MDLZ,Mondelez Intl Inc,51.8,0.64,397,2.49,385,20.91,286,-0.2652,466,0.6093,263,0.7778,143,0.0219,203,2.81,209,2.89041,269,74582880000,81,3863500,110,3381000000,90,5.73,295,0.47,141,13.0349,213
MDT,Medtronic Inc,110.82,1.31,235,5.31,202,20.46,272,0.7969,87,0.3665,335,0.7857,140,0.0195,232,2.96,219,4.85129,372,1.48684E+11,33,5567600,71,4631000000,64,8.1,202,0.49,146,15.1553,179
MET,Metlife Inc,49.6,1.27,240,5.48,189,8.94,39,-0.0038,404,-0.0426,429,0.6436,176,0.0359,73,0.67,4,0.66284,37,45613696000,138,5399500,75,5123000000,58,0.75,484,0.22,54,7.5404,343
MGM,MGM Resorts International,31.94,0.31,454,0.8,474,39.63,460,0.1991,293,3.125,30,0,331,0.0164,275,1.58,94,1.40517,131,16654379000,321,3240700,129,445450000,380,1.43,452,1.39,357,3.7868,424
MHK,Mohawk Industries,140.27,2.75,68,10.3,61,13.48,140,0.3585,214,0.8824,178,0,331,0,414,1.29,61,0.99588,84,10046418000,424,498800,447,861700000,276,5.57,300,0.18,46,8.6311,316
MKC,Mccormick & Company Inc,166.91,1.46,195,5.41,195,30.76,433,0.3118,240,0.5879,269,0.5294,204,0.0137,312,6.41,375,4.08962,353,22184174000,260,453000,456,933400000,267,7.05,242,1.18,323,17.2567,152
MKTX,Marketaxess Holdings,392.33,1.42,207,5.29,203,74.46,487,0.8245,80,1.5249,86,2.2308,40,0.0052,393,22,475,34.16248,495,14821050000,347,214100,491,172850000,450,25.56,4,0.14,39,39.6836,18
MLM,Martin Marietta Materials,259.33,3.96,29,9.31,74,27.98,412,0.969,67,2.076,53,0.15,311,0.0084,370,3.1,230,3.83582,333,16208381000,327,424300,462,470000000,371,5.85,287,0.62,195,11.0738,248
MMC,Marsh & Mclennan Companies,107.93,0.77,360,4.56,246,23.49,333,0.2193,290,0.754,208,0.6458,175,0.017,269,6.94,392,3.61605,312,54468816000,112,1601500,252,1650000000,179,8.11,200,1.37,354,11.0368,251
MMM,3M Company,167.6,2.72,70,9.32,73,17.72,214,0.0614,366,0.5565,283,1.1417,92,0.0349,78,8.96,421,2.89833,272,96378552000,66,3268300,127,5349000000,54,13.93,82,1.53,398,16.3253,161
MNST,Monster Beverage Cp,58.63,0.55,416,1.99,421,29.35,425,0.6948,111,1.7538,67,0,331,0,414,7.59,401,8.24773,441,31524296000,187,1483300,267,993000000,257,22.51,12,0,1,26.0823,74
MO,Altria Group,49,1.19,257,4.03,286,12.11,105,0.0367,379,0.6765,229,0.6304,179,0.0688,8,8.51,416,3.59572,309,91538176000,70,9256899,35,6963000000,35,13.46,87,1.87,426,27.4523,60
MOS,Mosaic Company,18.16,0.08,475,1.22,460,14.77,154,1.0116,64,-0.2401,458,-0.9,490,0.0111,338,0.67,4,0.7119,42,6878318000,473,2914800,148,470000000,371,2.33,426,0.43,123,4.9023,396
MPC,Marathon Petroleum Corp,62.36,1.63,160,5.68,175,11.13,87,-0.0365,419,0.9825,157,1.3896,70,0.0335,89,0.95,27,0.42288,17,40491720000,159,2379500,186,2780000000,108,4.01,348,0.69,209,2.8807,439
MRK,Merck & Company,85.45,1.51,180,5.07,215,16.86,199,-0.0395,420,0.2436,374,0.1503,310,0.0257,171,8.11,408,5.14445,383,2.17554E+11,25,7443100,45,6220000000,43,15.83,53,0.82,248,14.7066,184
MRO,Marathon Oil Corp,12.2,0.14,470,0.83,471,14.33,149,-0.593,491,-0.7054,485,-0.7222,486,0.0168,271,0.77,13,1.44502,137,9759134000,431,15753000,16,1096000000,239,3.21,387,0.41,117,18.57,139
MS,Morgan Stanley,49.25,1.27,240,4.5,250,10.85,79,0.2372,277,1.2488,114,4.5,19,0.0287,134,1.08,37,1.57496,159,79715952000,74,6609700,50,8748000000,29,0.91,477,2.66,460,21.8117,110
MSCI,MSCI Inc,257.97,1.68,152,6.08,148,42.04,465,0.3846,194,1.4769,92,0,331,0.0106,345,4,275,15.09975,483,21851866000,266,389200,471,507890000,365,15.46,61,1.5,373,35.4182,26
MSFT,Microsoft Corp,149.59,1.38,220,4.99,219,29.96,428,0.4493,172,0.7857,197,0.6822,165,0.0136,315,10.76,428,9.06171,447,1.14119E+12,2,15841600,15,39240000000,2,14.23,78,0.71,216,31.1817,40
MSI,Motorola Solutions,165.85,2.04,112,7.17,121,23.02,324,-0.1556,449,0.5737,275,0.8684,126,0.0138,310,4,275,3.85138,335,28416074000,212,706500,403,966000000,261,12.63,99,1.5,373,13.1554,212
MTB,M&T Bank Corp,164.91,3.5,37,13.98,34,11.66,97,0.3384,228,0.5165,291,0.2679,280,0.0245,186,1.5,84,3.33318,293,21761526000,268,458000,455,1918080000,158,1.63,445,0.53,160,29.716,42
MTD,Mettler-Toledo International,711.85,5.77,9,21.88,9,32.22,439,0.234,279,0.9206,172,0,331,0,414,39.880001,481,5.84935,404,17336394000,309,209100,492,512610000,362,20.91,16,2.16,445,17.4619,149
MU,Micron Technology,45.87,0.56,414,6.1,146,7.47,23,0.4309,182,0.9099,174,0,331,0,414,1.37,68,2.15441,216,50780428000,123,11253700,24,6313000000,41,15.14,69,0.1,28,26.9717,66
MXIM,Maxim Integrated,55.29,0.51,422,2.21,403,24.86,362,-0.0568,423,0.5,295,0.7692,147,0.035,77,8.43,411,6.42283,414,14961972000,344,1863200,227,827490000,286,16.1,46,0.54,161,35.7551,25
MYL,Mylan NV Ord Shs,17.34,1.17,261,4.32,265,4.02,11,0.6549,116,0.5848,271,0,331,0,414,0.78,15,0.78409,52,8949746000,438,5236000,76,352500000,412,6.99,245,1.15,317,3.0829,435
NBL,Noble Energy Inc,21.14,-0.1,490,-0.17,493,0,1,-0.0058,406,-0.6886,483,-0.2182,470,0.0231,195,0.95,27,1.99434,198,10111220000,422,4521600,92,-66000000,476,-0.39,492,0.68,204,-1.3237,479
NCLH,Norwegian Cruise Ord,54.01,2.23,94,5.21,210,10.25,66,1.3558,34,2.8438,35,0,331,0,414,1.81,113,1.877,186,11491059000,403,1673900,242,954840000,264,7.22,234,0.93,276,15.7691,172
NDAQ,Nasdaq Inc,104.37,1.27,240,4.97,223,21.07,293,0.332,232,0.8615,182,2.2692,38,0.0179,252,3.27,242,4.03306,349,17188488000,311,712000,402,458000000,376,5.79,290,0.61,191,10.7084,260
NEE,Nextera Energy,233.38,2.39,87,8.43,91,27.89,409,0.1051,339,0.5493,287,0.6818,166,0.0213,208,2.86,211,6.87097,423,1.14071E+11,53,1254000,307,6638000000,39,3.72,364,0.88,266,39.6843,17
NEM,Newmont Mining Corp,38.09,0.36,447,1.21,461,31.58,434,-0.1285,444,-0.0357,426,-0.5447,480,0.0147,301,1.41,76,4.31904,356,31227668000,191,3573000,116,341000000,415,2.59,413,0.3,79,4.7015,401
NFLX,Netflix Inc,310.48,1.09,275,3.13,347,99.58,490,2.6105,12,7.9333,14,0,331,0,414,19.469999,469,8.64036,444,1.35939E+11,40,5970000,62,1211240000,221,4.95,321,2.06,440,7.6688,340
NI,NiSource Inc,26.36,0,482,1.25,458,20.98,288,-0.0959,434,-0.1772,452,-0.2041,469,0.0305,114,1.96,131,1.91501,191,9846620000,427,4076500,102,-50600000,475,2.19,431,1.4,359,-0.9893,476
NKE,Nike Inc,93.34,0.86,339,2.68,374,34.39,450,0.4071,188,0.6711,231,1.2553,79,0.0095,356,15.78,457,3.67785,320,1.45708E+11,35,4264300,101,4029000000,73,18.02,29,0.38,105,10.2999,277
NLSN,Nielsen Holdings Plc,19.7,0.51,422,1.75,434,11.22,89,0.1424,322,-0.1082,442,0.9306,119,0.0122,328,3.03,222,1.07207,96,7009457000,470,2948400,146,-712000000,484,4.09,344,2.9,465,-10.9286,488
NOC,Northrop Grumman Corp,349.16,5.49,14,20.54,13,16.95,204,0.2203,288,1.7069,72,0.9748,112,0.0152,296,6.11,365,1.95004,196,58844984000,102,630400,421,3229000000,95,8.91,179,1.62,405,10.7294,259
NOV,National-Oilwell,21.8,-0.64,494,-0.82,495,0,1,-0.6304,494,-1.0145,494,-0.7802,488,0.0092,358,1.01,30,0.99413,82,8411137000,453,2378800,187,-31000000,470,-1.84,494,0.29,73,-0.3667,472
NRG,NRG Energy,39.37,1.45,198,3.05,351,12.85,125,-0.1609,450,8.2692,13,-0.7333,487,0.0031,402,4,275,1.04056,94,9905255000,426,3505500,120,268000000,433,8.27,194,1.5,373,2.8276,440
NSC,Norfolk Southern Corp,193.18,2.58,79,10.36,60,18.4,231,0.0189,387,0.6256,251,0.4902,217,0.0197,229,3.25,239,4.33766,359,50371104000,126,1092000,332,2666000000,112,7.54,222,0.72,221,23.2676,99
NTAP,Netapp Inc,61.23,1.09,275,3.59,315,16.91,202,-0.0283,414,0.844,190,1.6667,50,0.0316,104,26.16,476,2.25403,224,13974277000,361,2502100,171,1169000000,229,10.89,126,1.33,348,19.0205,135
NTRS,Northern Trust Corp,107.13,1.69,150,6.74,131,15.85,180,0.5444,140,1.2433,115,0.5772,191,0.0262,166,2.27,166,3.39862,298,22698918000,253,705500,404,1556400000,192,1.22,465,0.4,112,23.3732,98
NUE,Nucor Corp,55.24,0.9,333,5.78,163,9.38,48,0.3157,239,4.0464,25,0.0476,326,0.0295,124,1.51,87,0.65608,34,16749597000,318,1273200,302,2360770000,131,9.83,155,0.4,112,9.4177,294
NVDA,Nvidia Corp,210.89,1.78,134,3.62,309,58.06,482,1.8367,23,6.6835,16,0.9677,115,0.003,404,11.52,432,10.97901,468,1.29065E+11,42,5602400,70,4141000000,70,15.44,63,0.24,62,35.3448,29
NVR,NVR Inc,3689.54,56.11,1,215.41,1,17.02,205,0.7011,107,2.5541,39,0,331,0,414,5.66,355,1.92501,192,13571604000,367,25400,495,797200000,294,24.46,6,0.32,85,11.1284,247
NWL,Newell Rubbermaid Inc,19,0.73,372,1.79,430,10.72,77,0.5162,146,-0.2951,464,0.5333,203,0.0479,31,1.96,131,0.94139,78,8044600000,455,4287600,100,-6917900000,493,4.45,333,1.45,371,-80.1527,495
NWS,News Cp Cl B,12.98,0,482,0.33,486,39.09,458,0.1749,307,0,406,0,331,0.0155,293,0.79,17,0.75318,47,7634667000,461,781900,387,155000000,454,1.24,460,0.1,28,1.5386,456
NWSA,News Cp Cl A,12.71,0.04,479,0.33,486,38.09,455,0.1749,307,0,406,0,331,0.0159,287,0.76,12,0.73392,44,7475857000,463,2357100,189,155000000,454,1.24,460,0.1,28,1.5386,456
O,Realty Income Corp,76.22,0.83,342,1.3,454,23.47,332,0.7059,105,0.7746,199,0.211,292,0.0356,75,2.73,201,18.77699,492,24841548000,234,1267200,304,363610000,408,2.44,421,0.8,242,27.3836,63
OKE,Oneok Inc,71.63,0.74,369,3,356,23.81,335,-0.1376,445,0.5618,282,1.226,81,0.0512,22,4.7,331,2.34273,234,29589276000,202,1455600,270,1151700000,230,6.4,259,1.7,414,9.1454,301
OMC,Omnicom Group Inc,77.95,1.32,234,5.94,154,13.12,133,0.0484,372,0.4974,299,0.5,212,0.0334,90,5.65,354,1.11,97,16972208000,315,901600,368,1326400000,210,5.37,308,1.81,423,8.6748,314
ORCL,Oracle Corp,56.39,0.81,347,3.3,336,17.04,206,0.0322,381,0.1575,386,0.6875,163,0.0171,267,9.71,422,4.67209,369,1.85101E+11,31,6346900,54,11083000000,24,10.67,134,2.31,450,28.054,54
ORLY,O'Reilly Automotive,438.26,5.08,17,17.36,21,25.05,366,0.4342,180,1.67,75,0,331,0,414,199.690002,491,3.45067,300,33158310000,183,533800,442,1324490000,211,14.15,79,37.43,492,13.8887,193
OXY,Occidental Petroleum Corp,39.58,0.11,474,3.14,346,12.46,116,-0.2712,468,-0.2791,463,0.2109,293,0.0808,3,1.1,39,1.8457,182,35357488000,175,9467500,34,4131000000,71,3.68,366,0.5,150,23.1766,100
PAYX,Paychex Inc,84.64,0.71,375,2.88,365,29.5,426,0.4977,157,0.6608,238,0.6429,177,0.0292,127,12.19,435,8.06121,437,30296380000,197,1024700,345,1034400000,250,12.03,108,0.3,79,27.4195,62
PBCT,People's United Finl,16.3,0.34,449,1.37,449,11.84,98,0.4374,178,0.7703,200,0.0769,324,0.0438,39,0.94,26,3.36906,294,6509649000,478,1469300,268,468100000,373,1.08,471,0.44,129,24.346,90
PCAR,Paccar Inc,80.44,1.75,137,6.99,128,11.41,91,0.3721,207,0.8909,177,0.8176,136,0.016,283,2.74,202,1.17456,109,27822104000,217,1039500,341,2195100000,138,9.14,172,0.7,212,9.3426,296
PEG,Public Service Enterprise Group Inc,60.4,0.98,307,3.2,342,18.98,247,-0.0273,413,0.2093,381,0.25,284,0.031,107,2.07,147,3.16704,285,30545852000,195,1547000,254,1438000000,198,3.52,371,0.99,295,14.8309,182
PEP,Pepsico Inc,134.07,1.56,170,5.56,184,24.08,343,-0.0264,412,0.2952,360,0.6027,184,0.0285,139,13.11,443,2.88781,268,1.86952E+11,30,3014800,143,12515000000,16,10.29,138,1.97,434,19.3548,132
PFE,Pfizer Inc,38.33,0.75,365,3.04,353,12.41,113,0.04,376,0.3514,340,0.4167,238,0.0382,63,3.13,234,3.89318,339,2.12123E+11,26,24235301,6,11152000000,22,10.87,128,0.6,185,20.7877,117
PG,Procter & Gamble Company,120.29,1.37,223,4.78,235,25.18,368,-0.1851,454,0.0711,397,0.1837,301,0.0248,180,6.62,382,4.43391,363,2.99981E+11,12,4414900,96,3897000000,79,10.61,135,0.44,129,5.7576,379
PGR,Progressive Corp,70.83,1.42,207,5.35,200,13.1,131,0.7599,97,1.7799,65,3,28,0.0057,389,3.03,222,1.28136,121,41409344000,153,2378700,188,2615300000,116,6.29,263,0.34,93,8.1782,328
PH,Parker-Hannifin Corp,197.91,2.76,66,11.75,46,16.75,197,0.0836,351,0.7075,221,0.6989,161,0.0179,252,4.1,302,1.76536,178,25424508000,230,724800,399,1512360000,195,9.06,175,1.09,310,10.5609,266
PHM,Pultegroup,38.88,1.01,302,3.57,318,10.92,82,0.7938,89,1.4931,89,1.5333,60,0.0113,336,2.07,147,1.03683,91,10536480000,415,3239200,130,1022020000,253,9.83,155,0.54,161,10.0313,281
PKG,Packaging Corp of America,110.87,1.92,126,8.11,98,13.65,144,0.9138,71,1.4482,95,1.0979,98,0.0286,136,3.5,255,1.49342,147,10494732000,416,451000,457,738000000,303,11.08,123,0.92,272,10.5209,269
PKI,Perkinelmer,91.52,1.06,290,3.93,295,23.08,326,0.2824,256,0.7356,215,0,331,0.0031,402,3.71,266,3.62698,313,10167962000,421,464300,454,237930000,440,7.01,244,0.84,256,8.5648,319
PLD,Prologis Inc,90.56,0.97,311,2.8,369,27.78,406,0.6021,128,70.75,2,0.7143,157,0.0233,193,2.24,162,20.46531,494,57210736000,104,2014100,213,1649360000,180,4.61,329,0.43,123,58.8122,4
PM,Philip Morris International Inc,82.38,1.43,201,5.23,209,15.96,185,-0.6298,493,-0.0556,434,0.2542,283,0.0561,14,4,275,1.62676,167,1.28173E+11,43,4764700,84,7911000000,33,20.42,20,1.5,373,26.7038,67
PNC,PNC Bank,152.85,2.94,57,11.18,53,13.57,142,0.185,304,0.5635,281,0.9767,111,0.0303,116,1.37,68,3.37823,297,68057536000,89,1080600,335,5301000000,56,1.34,454,1.26,334,26.5143,69
PNR,Pentair Ltd,43.73,0.58,409,2.3,396,18.85,243,-0.6036,492,-0.2679,461,23.1146,4,0.0166,273,3.88,269,2.4581,240,7350707000,466,715700,401,347400000,413,9.59,164,0.67,202,11.7163,239
PNW,Pinnacle West Capital Corp,87.2,2.77,65,4.44,254,19.66,256,0.0685,361,0.2404,375,0.2818,275,0.0359,73,1.73,108,2.65766,254,9802239000,429,426900,461,511050000,364,2.78,404,0.92,272,13.8449,195
PPG,PPG Industries,125.41,1.67,155,6.05,150,20.77,283,0.0176,390,0.43,315,0.5372,200,0.0162,280,5.59,351,1.93304,193,29654826000,201,816000,379,1341000000,207,8.29,193,1.04,305,8.7225,313
PPL,PPL Corp,33.82,0.61,403,2.41,388,13.97,146,-0.3436,480,-0.0204,422,0.1156,319,0.049,27,2.05,143,3.1271,280,24452976000,238,2500900,173,1827000000,163,3.98,349,1.75,419,23.4682,96
PRGO,Perrigo Company,49.01,1.04,295,3.94,292,12.34,112,0.1652,312,-0.1889,453,1.1111,97,0.0173,262,1.15,42,1.39886,129,6670751000,477,921600,364,131000000,458,4.79,324,0.54,161,2.7686,444
PRU,Prudential Financial Inc,94.94,3.2,46,11.8,45,7.93,28,0.5193,145,0.2089,382,1.0809,99,0.0428,45,0.56,1,0.64701,33,38165880000,166,2382700,184,4074000000,72,0.57,486,0.29,73,6.4675,367
PSA,Public Storage,209.02,2.73,69,8.46,90,19.7,257,0.3898,192,0.7464,210,0.5534,196,0.0379,66,7.41,398,13.37174,474,36511612000,172,746900,396,1711030000,173,15.53,60,0.38,105,62.1226,3
PSX,Phillips 66,116.63,3.11,49,11.4,52,10.38,70,-0.3504,481,0.9881,155,1.3308,75,0.0304,115,1.9,121,0.46051,21,51825472000,121,2261000,195,5595000000,51,9.14,172,0.39,109,5.0197,394
PVH,Phillips-Van Heusen Corp,99.82,2.1,105,9.61,70,10.11,63,0.1796,305,0.3656,336,0,331,0.0015,409,1.24,53,0.74598,45,7401053000,464,1066800,337,746400000,302,5.75,293,0.73,227,7.7293,339
PWR,Quanta Services,41.87,1.14,270,3.08,350,13.55,141,0.7127,103,0.5714,276,0,331,0.0038,400,1.54,89,0.53152,25,5957850000,482,797800,383,293350000,428,5.78,291,0.45,133,2.6259,446
PXD,Pioneer Natural Resources Company,129.56,1.99,116,7.01,126,18.65,238,1.5312,29,0.5542,284,3,28,0.0067,382,1.84,115,2.30023,228,21461226000,276,1318300,289,978000000,258,6.54,256,0.17,44,10.3877,272
PYPL,Paypal Holdings,101.77,0.61,403,2.21,403,46.4,472,1.2969,42,0,406,0,331,0,414,7.41,398,7.79324,436,1.19498E+11,51,6448800,53,2057000000,147,5.61,299,0,1,13.3131,208
QCOM,Qualcomm Inc,84.89,0.78,358,2.84,366,29.97,429,-0.0836,429,-0.3717,470,1.013,106,0.0291,130,21.200001,473,4.00372,344,96931216000,65,6166600,57,4386000000,67,10.26,141,2.46,454,18.0695,145
QRVO,Qorvo Inc,101.72,1.52,175,5.4,196,18.69,239,1.6914,26,0,406,0,331,0,414,2.78,207,3.79311,329,11817220000,397,1137900,324,133130000,457,11.33,117,0.23,59,4.308,412
RCL,Royal Caribbean Cruises Ltd,119.13,4.27,23,9.65,69,12.3,110,0.1927,298,2.6917,37,2.5135,34,0.0263,163,2.05,143,2.61988,250,24965002000,232,1642400,246,1811040000,165,6.99,245,0.83,253,19.0759,133
RE,Everest Re Group,267.23,3.39,39,12.26,39,21.79,304,0.3078,241,-0.7834,491,1.4201,69,0.021,212,1.21,50,1.47655,143,10898175000,409,270900,486,103550000,463,1.94,439,0.07,23,1.4036,459
REG,Regency Centers Corp,64.14,0.99,306,1.68,439,16.39,193,1.2923,43,1.1791,125,0.2,295,0.0366,70,1.7,102,9.55778,449,10747555000,411,1466600,269,249130000,438,2.57,414,0.61,191,22.2243,107
REGN,Regeneron Pharmaceuticals,360.66,6.67,6,20.8,12,16.86,199,2.1884,16,1.6975,73,0,331,0,414,3.6,263,5.73903,400,39598300000,165,1286400,297,2444400000,125,18.49,27,0.07,23,36.4249,23
RF,Regions Financial Corp,16.67,0.39,439,1.52,442,10.85,79,0.1319,327,0.6386,245,3.6,25,0.0376,68,1.07,36,2.4808,245,16080532000,328,5918400,63,1759000000,170,1.27,457,0.6,185,27.4329,61
RHI,Robert Half International Inc,57.8,1.01,302,3.87,298,14.98,159,0.3661,209,0.9727,159,0.75,152,0.0214,207,6.18,371,1.16071,105,6710407000,475,752500,393,434290000,385,21.01,15,0.18,46,7.4874,344
RJF,Raymond James Financial,88.41,2,115,7.4,114,11.91,101,0.6158,122,1.2289,117,1.125,95,0.0154,294,1.91,124,1.52549,152,12275110000,387,535600,441,1034000000,251,2.78,404,0.42,120,12.8879,217
RL,Ralph Lauren Corp,107.61,2.55,81,7.71,109,13.45,139,-0.1526,448,-0.1471,448,0.4706,222,0.0265,160,2.87,212,1.22579,117,8029427000,456,843400,374,430900000,387,9.22,171,0.72,221,6.8256,357
RMD,Resmed Inc,145.25,0.93,325,3.77,304,38.82,457,0.6763,113,0.5041,293,0.48,219,0.0107,342,10.16,423,8.07253,438,20884916000,280,588400,434,404590000,398,13.45,88,0.61,191,15.5219,173
ROK,Rockwell Automation Inc,194.8,2.01,114,8.66,85,22.54,316,0.0108,392,0.4052,324,0.6724,170,0.0209,214,56.799999,483,3.36917,295,22508554000,255,644000,418,695800000,309,16.93,37,1.68,413,10.3931,270
ROL,Rollins Inc,35.48,0.22,464,0.73,476,49,475,0.3621,212,0.9189,173,1.35,73,0.0117,331,14.84,452,6.42996,415,11617642000,398,1093900,331,231660000,441,15.92,52,0.45,133,12.7176,219
ROP,Roper Industries,355.75,3.29,44,12.88,38,27.49,401,0.6031,126,1.0903,138,2.3,36,0.0052,393,4.29,311,7.09635,426,37018632000,170,490300,450,944400000,266,8.38,191,0.57,171,18.1923,143
ROST,Ross Stores Inc,111.52,1.03,297,4.38,257,24.84,361,0.4646,168,1.1959,123,1.6471,53,0.0091,359,12.12,434,2.69881,259,40340128000,160,3955500,106,1587460000,189,20.26,21,0.85,259,10.5947,265
RSG,Republic Services,87.25,0.91,329,3.23,341,26.86,397,0.1929,297,0.5685,278,0.4545,227,0.0187,238,3.51,256,2.7573,260,27845400000,216,829400,376,1036900000,249,4.76,326,0.87,265,10.3268,276
RTN,Raytheon Company,216.4,3.08,51,11.7,47,18.45,233,0.1414,323,0.663,237,0.9409,118,0.0175,260,4.66,329,2.2211,219,60262856000,101,1368200,282,2909000000,105,10.25,142,0.41,117,10.751,258
SBAC,SBA Communications,232.35,2.15,99,1.24,459,28.61,420,0.4298,183,6.125,18,0,331,0.0062,386,4,275,14.3466,481,26162840000,225,418200,463,47450000,466,1.61,446,1.5,373,2.5433,449
SBUX,Starbucks Corp,83.02,0.7,378,2.83,368,29.08,423,0.6117,123,1.1278,130,1.7692,45,0.0199,226,4,275,3.66659,317,98046616000,62,6080700,61,3599200000,85,17.92,30,1.5,373,13.5775,202
SCHW,The Charles Schwab Corp,48.2,0.7,378,2.74,372,17.53,213,0.8642,75,2.141,51,0.9167,122,0.0142,308,3.15,235,6.07859,411,61806280000,99,16855400,13,3507000000,87,1.35,453,0.4,112,34.6131,32
SEE,Sealed Air Corp,36.75,0.64,397,2.78,370,13.35,136,-0.3846,482,1.0325,148,0.2308,289,0.0172,264,4,275,1.21191,114,5678463000,484,821400,377,193100000,448,8.27,194,1.5,373,4.0801,415
SHW,Sherwin-Williams Company,574.83,6.65,7,20.36,14,27.93,411,0.7215,100,1.4128,99,0.72,155,0.0079,373,13.22,444,2.99314,277,53061980000,116,662100,412,1108750000,236,9.28,167,2.29,448,6.3233,371
SIVB,Svb Financial Group,231.02,5.15,16,21.74,10,10.48,71,0.9353,70,2.8787,33,0,331,0,414,1.95,130,4.32941,358,11913240000,396,481700,451,973840000,260,1.84,441,0.12,35,35.8703,24
SJM,J.M. Smucker Company,108.4,1.57,168,8.09,99,12.87,126,0.397,190,0.4699,308,0.4735,221,0.0338,85,1.5,84,1.51545,151,12362802000,386,3017000,142,514400000,361,5.44,305,0.6,185,6.5629,363
SLB,Schlumberger N.V.,36.61,0.43,435,1.44,446,25.43,377,-0.2751,470,-0.6589,482,0.6,185,0.0546,16,2.06,146,1.54491,156,50682484000,124,7515200,44,2138000000,143,2.98,393,0.47,141,6.5153,366
SLG,SL Green Realty Corp,83.95,1.75,137,2.13,410,12.02,103,-0.1645,451,1.9022,57,1.2081,85,0.0412,55,1.16,44,5.38073,390,6725235000,474,681600,410,258650000,436,1.45,451,1.01,299,21.0732,115
SNA,Snap-On Inc,158.89,2.96,56,12.22,40,12.93,128,0.2239,284,0.9849,156,1.1582,90,0.0273,152,2.62,199,2.31629,229,8714481000,444,319400,483,679900000,313,12.47,103,0.3,79,18.1757,144
SNPS,Synopsys Inc,135.38,1.18,259,4.09,282,33.93,447,0.5906,132,0.3116,356,0,331,0,414,5.37,345,6.3067,413,20345856000,285,1035400,343,432520000,386,10.08,146,0.03,17,13.8581,194
SO,Southern Company,62.89,1.34,230,3.09,349,20.28,266,0.375,202,0.1328,393,0.1841,300,0.0396,59,2.07,147,2.79781,264,65954880000,93,3629200,114,2242000000,137,2.79,402,1.33,348,9.5425,291
SPG,Simon Property Group,147.7,3.05,52,7.45,113,11.9,100,0.0943,344,0.8561,187,0.6989,161,0.0573,12,15.64,456,8.29776,442,47329428000,129,1224700,309,2440060000,126,7.31,232,7.02,486,43.1265,11
SPGI,S&P Global Inc,265.21,2.46,86,9.22,75,28.68,421,0.2837,254,1.5526,83,0.7857,140,0.0086,368,162.990005,490,10.32548,460,64817320000,97,932300,363,1958000000,155,23.16,9,7.52,488,31.288,39
SRE,Sempra Energy,146.6,1.5,181,6.08,148,24.14,345,0.107,337,0.3325,351,0.4206,236,0.0264,161,2.28,167,3.54088,304,41325956000,154,939600,361,1050000000,248,2.82,399,1.24,333,8.9843,306
STI,Suntrust Banks,70.71,1.4,215,5.71,171,12.28,109,0.2126,291,1.0803,139,4.1429,21,0.032,101,1.28,58,2.9841,275,31398068000,190,1440100,273,2775000000,109,1.2,467,0.85,259,26.6034,68
STT,State Street Corp,73.92,1.42,207,5.88,156,12.42,114,0.2601,267,0.5903,267,0.7115,158,0.0285,139,1.23,51,2.04735,207,26879010000,221,2430900,177,2599000000,118,1.01,474,0.52,156,20.0339,124
STX,Seagate Tech Ord Shs,59.28,1.03,297,4.13,279,14.4,150,-0.2429,461,-0.0437,431,0.509,210,0.0424,47,8.85,419,1.50395,149,15573508000,334,1496200,265,2012000000,149,13.22,92,1.97,434,19.3648,130
STZ,Constellation Brands Inc,181.22,2.91,59,9.14,77,20.42,271,0.6673,114,1.8554,61,0,331,0.0161,281,3.03,222,4.02562,347,34728092000,178,2098400,206,3435900000,88,6.26,266,0.94,279,42.3349,14
SWK,Stanley Black & Decker Inc,157.28,2.13,100,8.32,93,18.64,237,0.271,261,0.6365,247,0.303,266,0.0178,254,3.11,232,1.68608,173,23908446000,241,1067800,336,605200000,331,5.98,279,0.52,156,4.3283,409
SWKS,Skyworks Solutions,97.84,1.52,175,5.71,171,16.88,201,0.4736,164,1.0466,147,6.1818,13,0.0183,244,4,275,4.86432,373,16669489000,320,1767900,238,853600000,279,20.79,18,0,1,25.2784,79
SYF,Synchrony Financial,36.9,1.6,163,4.28,270,8.59,34,0.5452,139,0.6923,223,0,331,0.0239,191,1.56,92,1.30173,123,23844522000,242,3071900,140,2790000000,107,2.8,401,1.44,369,15.2852,176
SYK,Stryker Corp,201.59,1.91,127,7.95,102,25.32,373,0.5077,150,0.7281,216,0.7545,151,0.0103,347,6.21,373,5.53633,393,75415624000,79,1200000,315,3553000000,86,11.37,116,0.67,202,26.1231,73
SYY,Sysco Corp,79.06,0.98,307,3.62,309,21.88,306,0.2923,251,1.017,150,0.3158,263,0.0197,229,16.59,460,0.67239,38,40338544000,161,1152300,319,1674270000,176,10.3,137,3.25,468,2.7852,443
T,AT&T Inc,37.75,0.94,320,3.55,320,10.59,74,0.3262,236,0.408,322,0.1111,320,0.0543,17,1.4,72,1.60854,165,2.75764E+11,16,19877000,9,19370000000,11,4.79,324,0.81,244,11.3437,242
TAP,Molson Coors Brewing Company,52.28,1.48,186,4.36,263,12.05,104,1.5605,28,0.2759,364,0.2813,276,0.0434,42,0.85,20,0.85242,67,11311196000,405,802000,382,1116500000,234,3.19,389,0.6,185,10.3671,273
TDG,Transdigm Group Inc,562.4,5.62,11,16.54,23,32.38,440,0.9804,65,4.326,23,-1,494,0,414,4,275,5.8758,407,30115396000,199,653800,415,957060000,263,6.75,250,1.5,373,25.1122,82
TEL,Te Connectivity Ltd,90.59,1.33,232,5.54,186,16.4,194,-0.0334,417,0.4644,309,0.6667,171,0.0203,219,2.92,217,2.26945,226,30432350000,196,817000,378,1844000000,162,9.68,159,0.32,85,13.7121,198
TFX,Teleflex Inc,346.76,2.97,55,10.64,58,32.99,442,0.4434,176,0.9682,160,0,331,0.0039,398,5.73,357,6.63661,419,16053602000,329,235000,489,200800000,446,7.96,206,0.82,248,8.2013,327
TGT,Target Corp,127.02,1.36,224,5.97,153,20.46,272,0.038,378,0.2306,377,0.5949,187,0.0207,215,5.6,352,0.86549,72,64898072000,96,7537000,43,2937000000,102,7.73,217,1.05,307,3.8975,423
TIF,Tiffany & Company,125.51,1.12,272,4.52,249,27.99,413,0.1019,340,0.2386,376,0.6045,183,0.0183,244,4.69,330,3.45771,301,15239298000,339,2912000,149,586400000,337,9.61,161,0.58,174,13.201,209
TJX,TJX Companies,59.18,0.68,384,2.41,388,24.03,340,0.4212,186,0.4859,303,1.6429,55,0.0156,291,12.94,441,1.83389,181,71544656000,85,6193700,56,3059800000,100,14.43,75,1.88,428,7.8511,335
TMO,Thermo Fisher Scientific Inc,307.77,2.94,57,12.04,41,25.36,375,0.8608,76,1.0517,146,0.1333,317,0.0025,407,4.2,308,5.02613,379,1.23413E+11,49,841900,375,2938000000,101,8.59,185,0.58,174,12.0617,230
TMUS,T-Mobile US,78.59,1.01,302,4.37,259,17.78,216,0.7735,94,66.2,3,-1,494,0,414,2.39,183,1.53493,154,67239640000,92,2910700,150,2888000000,106,4.6,330,1.43,366,6.6682,360
TPR,Tapestry Inc,26.35,0.4,438,2.5,382,10.31,68,0.254,269,-0.171,451,0,331,0.0524,20,2.34,178,1.17981,111,7270914000,467,2794400,158,643400000,322,9.8,157,0.46,138,10.6751,261
TRIP,Tripadvisor Inc,27.98,0.58,409,1.02,468,27.51,402,0.7096,104,-0.2708,462,0,331,0,414,2.37,180,2.42184,236,3900132000,494,2860100,154,113000000,461,5.93,282,0,1,6.9969,354
TRV,The Travelers Companies Inc,135.13,1.43,201,8.41,92,16.02,186,0.1562,316,-0.055,433,0.5459,197,0.0244,188,1.37,68,1.14804,103,34878812000,177,1222700,311,2523000000,122,2.08,435,0.26,67,8.3317,325
TSCO,Tractor Supply Company,97.21,1.04,295,4.58,245,21.14,296,0.5317,143,0.8578,185,1.449,67,0.0145,303,7.69,403,1.44857,139,11508303000,401,910900,366,532360000,356,11.57,112,1.57,401,6.7293,359
TSN,Tyson Foods,86.41,1.21,255,5.46,190,16.21,187,0.1284,329,0.8571,186,4.3571,20,0.0169,270,2.32,173,0.76136,50,31512432000,188,3142100,131,2022000000,148,6.09,274,0.74,228,4.7683,399
TTWO,Take-Two Interacti,119.48,0.63,400,4.88,228,25.11,367,0.1352,326,0.0515,400,0,331,0,414,6.41,375,5.2052,386,13542700000,368,1419700,274,333840000,418,12.55,101,0.06,22,12.5109,222
TWTR,Twitter Inc,30.03,0.14,470,0.57,480,52.26,479,3.5757,9,1.1642,126,0,331,0,414,2.69,200,7.60188,433,23314002000,247,14188199,18,1205600000,223,4.09,344,0.29,73,39.6271,19
TXN,Texas Instruments,117.01,1.4,215,5.27,206,22.03,310,0.2932,250,2.0449,54,1.4579,66,0.031,107,12.09,433,6.87578,424,1.09378E+11,57,3008800,144,5580000000,52,29.01,3,0.54,161,35.3523,27
TXT,Textron Inc,46.28,0.95,316,3.79,303,12.2,108,0.1543,317,0.9086,175,0,331,0.0017,408,1.93,127,0.7551,48,10564011000,413,1283900,298,1222000000,219,6.11,271,0.68,204,8.7461,312
UA,Under Armour Inc Cl C,15.66,0,482,0.33,486,46.18,471,1.2269,50,0,406,0,331,0,414,3.23,238,1.32516,124,7071492000,469,2019000,212,-46300000,473,3.33,381,0.58,174,-0.8916,474
UAA,Under Armour,17.43,0.23,463,0.33,486,51.48,477,1.2269,50,-0.3077,466,0,331,0,414,3.56,261,1.47733,144,7870761000,459,3137300,132,-46300000,473,3.33,381,0.58,174,-0.8916,474
UAL,United Continental Holdings,91.78,4.07,27,11.84,44,7.68,25,0.079,355,2.2842,44,0,331,0,414,2.05,143,0.55733,28,23224378000,248,1440300,272,2129000000,144,6.23,268,1.76,420,5.1546,393
UDR,United Dominion Realty Trust,47.57,0.53,419,0.57,480,23.34,330,0.3794,197,75,1,0.3763,248,0.0286,136,4.43,317,13.39491,475,13940532000,362,1298300,295,203110000,445,2.02,437,1.32,345,19.4018,128
UHS,Universal Health Services,139.32,1.99,116,9.57,71,14.69,152,0.4789,162,1.0945,135,1,107,0.0057,389,2.28,167,1.14301,100,12201646000,389,664600,411,779710000,297,7.48,225,0.79,238,7.2381,347
ULTA,Ulta Beauty Inc,228.86,2.76,66,11.63,49,19.65,255,1.5151,30,2.4335,40,0,331,0,414,7.5,400,2.00196,199,13468180000,369,1853900,231,658560000,318,17.22,35,0.92,272,9.8049,286
UNH,Unitedhealth Group Inc,276.84,3.88,30,14.49,31,19.09,249,0.8471,77,1.3418,106,2.2857,37,0.0156,291,4.52,319,1.15805,104,2.62282E+11,18,2802700,156,11986000000,19,8.6,184,0.62,195,5.2977,390
UNM,Unumprovident Corp,30.21,1.36,224,5.33,201,5.62,16,0.1202,333,0.5663,280,0.7818,142,0.0381,64,0.63,3,0.5328,26,6231357000,481,1660900,244,523400000,358,1.75,442,0.35,96,4.5127,406
UNP,Union Pacific Corp,175.94,2.22,96,8.49,89,20.51,276,0.0396,377,0.6794,228,1.0676,100,0.0223,201,6.71,386,5.29558,389,1.22138E+11,50,1934900,221,5966000000,46,9.94,152,1.26,334,26.13,72
UPS,United Parcel Service,119.32,2.07,109,7.36,116,16.24,189,0.2962,247,0.5842,272,0.4677,223,0.0321,99,18.32,465,1.42673,134,1.02355E+11,59,2597900,165,4791000000,61,12.29,106,4.62,478,6.667,361
URI,United Rentals,154.51,5.96,8,18.86,16,8.08,31,0.624,120,2.3116,42,0,331,0,414,3.06,226,1.42401,133,11612352000,399,1053600,339,1096000000,239,7.93,210,3.08,467,13.62,201
USB,U.S. Bancorp,60.05,1.15,269,4.31,266,13.8,145,0.2239,284,0.3667,334,0.5056,211,0.0282,143,1.93,127,3.60484,311,93789632000,67,6548800,52,7096000000,34,1.51,448,0.86,263,27.5306,57
UTX,United Technologies Corp,147.7,2.21,98,8.27,94,17.81,217,0.0619,365,0.2254,378,0.2968,270,0.02,222,2.96,219,1.91214,190,1.27505E+11,44,2381000,185,5269000000,57,5.15,315,0.93,276,7.9232,333
V,Visa Inc,179.47,1.47,190,5.45,193,33.01,443,0.8089,84,1.3965,100,1.5,61,0.0067,382,12.33,438,15.53231,484,3.56053E+11,10,6865600,48,12080000000,18,17.4,34,0.57,171,52.5743,7
VAR,Varian Medical Systems,131.58,1.21,255,4.64,240,28.01,414,0.0575,367,0.1184,395,0,331,0,414,6.54,381,3.66971,318,11981805000,395,691600,405,310500000,423,11.49,115,0,1,9.6276,289
VFC,V.F. Corp,86.51,1.26,246,3.47,324,24.44,350,0.1275,330,0.3846,328,1.0208,105,0.0203,219,7.35,397,2.4455,239,34549844000,180,1390600,276,1259790000,214,13.17,93,0.76,230,9.0968,304
VIAB,Viacom Inc Cl B,23.65,0.79,353,4.06,284,5.73,17,-0.0686,427,-0.2481,459,-0.3651,477,0.0344,81,1.1,39,0.73118,43,9540268000,433,3244300,128,1548000000,193,7.05,242,1.02,300,12.058,231
VLO,Valero Energy Corp,97.51,1.48,186,5.45,193,18.06,223,-0.1524,447,0.6674,234,-0.2399,472,0.0366,70,1.85,116,0.3453,10,40042680000,163,2878000,153,3122000000,97,4.44,334,0.42,120,2.6676,445
VMC,Vulcan Materials Company,138.47,1.68,152,4.61,244,30.51,432,0.5819,134,7.4375,15,27,2,0.0088,366,3.36,248,4.24678,355,18327196000,302,1379600,279,515810000,360,5.99,278,0.59,183,11.7688,237
VNO,Vornado Realty Trust,63.09,1.46,195,1.21,461,18.11,224,-0.2163,459,8.4706,12,-0.137,466,0.0418,51,1.79,112,5.57629,395,12040727000,394,752100,394,449950000,379,1.51,448,1.14,315,20.7952,116
VRSK,Verisk Analytics Inc,145.98,1.12,272,4.29,268,33.67,446,0.501,156,0.8597,184,0,331,0.0069,378,11.46,431,9.8831,454,23921742000,240,1338200,284,598700000,332,11.54,114,1.21,328,24.9969,83
VRSN,Verisign Inc,188.44,1.36,224,5.25,208,36.03,452,0.2589,268,1.1991,122,0,331,0,414,4,275,18.27858,491,22124550000,262,381400,473,582490000,339,33.06,1,1.5,373,47.9427,8
VRTX,Vertex Pharmaceutic,218,1.23,252,3.81,301,56.56,481,1.5146,31,2.9252,32,0,331,0,414,10.53,427,18.18344,490,56058700000,107,1318900,288,2096900000,146,14.49,74,0.12,35,68.805,1
VTR,Ventas Inc,57.41,0.96,312,1.34,452,14.82,155,0.333,231,-0.3012,465,0.1533,309,0.0551,15,2.01,138,5.72068,399,21398774000,277,1849000,233,409470000,396,2.08,435,0.94,279,10.9314,254
VZ,Verizon Communications Inc,59.75,1.25,248,4.8,232,12.42,114,0.0855,350,0.6585,239,0.1394,316,0.0413,54,4.08,300,1.8839,187,2.47113E+11,20,10741199,26,15528000000,13,7.12,239,2.12,442,11.8658,236
WAB,Wabtec Corp,79.84,1.03,297,4.12,280,19.27,252,0.7003,108,0.2533,371,2.6923,32,0.006,388,1.56,92,3.48744,302,15303891000,337,651300,416,294940000,427,3.88,354,0.46,138,6.7592,358
WAT,Waters Corp,218.72,2.13,100,8.74,83,24.91,363,0.2708,262,0.6448,242,0,331,0,414,121.459999,488,5.7971,401,14093002000,356,329200,480,593790000,335,20.16,22,2,437,24.5375,88
WBA,Walgreens Boots Alliance,60.6,1.43,201,6,152,10.1,62,0.7916,90,0.8262,193,0.3906,245,0.0302,117,2.29,170,0.39531,15,54087984000,113,3506800,119,3982000000,76,8,205,0.49,146,2.9094,438
WCG,Wellcare Group,318.37,5.5,13,15.13,27,21.11,295,1.1426,57,1.3823,103,0,331,0,414,3.3,245,0.7874,55,16022922000,331,360600,476,439800000,382,5.91,283,0.45,133,2.1544,453
WDC,Western Digital Cp,48.46,0.34,449,1.14,464,41.96,464,0.0951,343,-0.5296,476,0.6,185,0.0418,51,1.5,84,0.8587,69,14412246000,352,2941200,147,-754000000,485,1.24,460,1.03,302,-4.5507,484
WEC,Wisconsin Energy Corp,88.53,0.74,369,3.46,327,25.53,382,0.6994,109,0.3307,353,0.5241,207,0.0267,156,2.74,202,3.62816,314,27925550000,214,1634900,247,1060500000,246,3.23,385,0.98,292,13.8095,196
WELL,Welltower Inc,83.65,1.05,293,2.95,360,20.22,265,0.6318,119,3.04,31,0,331,0.0417,53,2.12,152,7.19883,429,33898912000,182,1416900,275,804950000,292,3.8,357,0.95,283,17.1248,153
WFC,Wells Fargo & Company,54.28,0.92,326,4.63,242,11.57,96,0.1475,319,0.126,394,0.4261,234,0.0381,64,1.31,64,2.24148,222,2.2957E+11,22,13823399,20,22393000000,7,1.19,468,1.36,352,22.1581,109
WHR,Whirlpool Corp,144.07,3.97,28,15.84,24,8.99,41,0.1208,332,0.513,292,0.9118,123,0.0337,87,2.28,167,0.42783,18,9105225000,436,522700,443,-183000000,479,5.35,309,1.31,344,-0.8699,473
WLTW,Willis Towers WT,189.76,1.31,235,10.07,64,18.86,244,1.3291,39,0.392,327,-0.1919,468,0.0137,312,2.44,189,2.86853,266,24398008000,239,409800,466,695000000,310,3.78,359,0.51,151,8.164,329
WM,Waste Management,110.77,1.19,257,4.37,259,25.45,379,0.0666,362,0.9535,164,0.274,278,0.0184,242,7.04,393,3.16346,284,46993172000,132,2007900,214,1925000000,156,7.49,224,1.95,433,12.9073,216
WMB,Williams Companies,23.1,0.26,459,0.93,470,24.51,352,0.2662,265,-0.0247,423,-0.0556,464,0.0667,10,1.61,96,3.18012,286,27998332000,213,9702899,31,-155000000,478,2.47,420,1.22,329,-1.7845,480
WMT,Wal-Mart Stores,119.36,1.16,264,4.97,223,24.12,344,0.08,353,-0.0391,428,0.1064,321,0.0177,257,4.33,313,0.66273,35,3.39494E+11,11,3843500,111,6670000000,38,6.17,270,0.83,253,1.2966,461
WRK,Westrock Company,38.81,1.24,250,3.98,288,9.63,53,2.2479,15,1.1514,127,-0.2891,474,0.0485,28,0.85,20,0.54035,27,10008905000,425,5024800,79,862900000,274,3.37,379,0.82,248,4.7181,400
WU,Western Union Company,27,0.49,424,1.82,428,14.85,156,0.0086,393,0.3427,347,0.52,208,0.0296,123,4,275,2.02731,203,11319912000,404,5133300,78,851900000,280,8.83,182,101.989998,494,15.24,178
WY,Weyerhaeuser Company,28.99,0.08,475,0.45,484,64.51,486,-0.1235,441,0.0351,403,0.6296,180,0.0468,34,2.56,196,2.89345,270,21601668000,272,2347400,190,748000000,301,1.95,438,0.71,216,10.0054,282
WYNN,Wynn Resorts Ltd,119.16,0.17,468,4.28,270,27.65,405,0.1951,295,-0.144,445,-0.6071,483,0.0338,85,7.59,401,1.89135,188,12792423000,376,1301600,293,572430000,342,3.48,373,5,480,8.5213,321
XEC,Cimarex Energy Company,46.69,0.91,329,4.91,227,9.5,50,0.1707,309,0.3755,331,0.0741,325,0.0172,264,1.2,47,2.02965,204,4753509000,492,1307800,290,791850000,295,6.7,252,0.56,169,33.8539,34
XEL,XCEL Energy Inc,61.26,1.01,302,2.5,382,24.68,357,0.057,368,0.2667,368,0.3694,251,0.0263,163,2.46,191,2.80443,265,32124008000,184,2414600,180,1261000000,213,2.69,409,1.29,339,10.9301,255
XLNX,Xilinx Inc,90.61,0.94,320,3.77,304,23.99,338,0.2839,253,0.6338,249,0.44,230,0.0164,275,8.49,414,7.43622,431,22785424000,252,1908900,223,889750000,270,18.9,25,0.48,144,29.0859,47
XOM,Exxon Mobil Corp,69.37,0.75,365,3.47,324,20.08,263,-0.3378,479,-0.3311,467,0.313,264,0.0499,24,1.46,82,1.01574,90,2.93512E+11,14,12143500,22,20840000000,10,4.15,342,0.1,28,7.181,349
XRAY,Dentsply Sirona Inc,57.27,0.57,413,2.3,396,24.83,360,0.3509,221,-0.1447,446,0.4,241,0.007,376,2.51,193,3.18587,287,12737650000,377,945600,358,-1011000000,486,6.03,275,0.3,79,-25.3619,491
XRX,Xerox Corp,39.06,1.08,278,4.12,280,9.39,49,-0.5414,489,-0.2064,456,0.087,322,0.0258,168,1.76,110,0.85089,66,8444304000,452,1526000,260,361000000,410,6.64,253,0.79,238,3.6724,425
XYL,Xylem Inc,76.89,0.82,344,3.01,355,25.72,385,0.357,215,0.7246,217,0.7872,139,0.0124,324,4.82,335,2.67784,257,13846274000,364,1082300,334,549000000,350,7.3,233,0.71,216,10.5435,267
YUM,Yum! Brands,97.62,0.8,349,2.95,360,33.19,444,-0.5653,490,0.0638,399,0.0435,327,0.0172,264,4,275,5.20587,387,29526342000,205,1543900,256,1542000000,194,20.12,23,1.5,373,27.1097,64
ZBH,Zimmer Biomet Holdings,143.82,1.77,135,7.75,107,18.36,228,0.7158,102,0.3287,354,0.2,295,0.0067,382,2.43,188,3.69006,323,29581476000,203,587700,435,-379200000,482,6.59,255,0.58,174,-4.7801,485
ZION,Zions Bancorp,49.96,1.17,261,4.28,270,11.48,94,0.331,233,1.2793,110,7,11,0.0277,148,1.2,47,2.76182,261,8516382000,450,2589400,167,884000000,272,1.23,463,0.18,46,29.1461,46
ZTS,Zoetis Inc Cl A,119.81,0.94,320,3.51,323,34.25,448,0.2771,257,1.2042,120,1.5,61,0.0055,392,21.32,474,9.83015,453,57065384000,106,1627700,249,1428000000,200,15.46,61,2.74,462,24.515,89
